"cluster","threshold","distance","on_edge","criterion"
"north",0.975,5.46929145094632,TRUE,"High-evidence zone (P >= 0.975)"
"north",0.975,4.49010677255406,TRUE,"High-evidence zone (P >= 0.975)"
"north",0.975,3.52172758631451,TRUE,"High-evidence zone (P >= 0.975)"
"north",0.975,2.57585589492108,TRUE,"High-evidence zone (P >= 0.975)"
"north",0.975,1.64321836860756,TRUE,"High-evidence zone (P >= 0.975)"
"north",0.975,0.722984657916099,TRUE,"High-evidence zone (P >= 0.975)"
"north",0.975,0.480939741876147,TRUE,"High-evidence zone (P >= 0.975)"
"north",0.975,0.807816813278687,TRUE,"High-evidence zone (P >= 0.975)"
"north",0.975,1.18067860266823,TRUE,"High-evidence zone (P >= 0.975)"
"north",0.975,1.87846309511532,TRUE,"High-evidence zone (P >= 0.975)"
"north",0.975,5.38316480038485,FALSE,"High-evidence zone (P >= 0.975)"
"north",0.975,1.24563401278147,TRUE,"High-evidence zone (P >= 0.975)"
"north",0.975,0.396677291278243,FALSE,"High-evidence zone (P >= 0.975)"
"north",0.975,1.35894691737362,FALSE,"High-evidence zone (P >= 0.975)"
"north",0.975,2.34196541611015,FALSE,"High-evidence zone (P >= 0.975)"
"north",0.975,3.32498391484674,FALSE,"High-evidence zone (P >= 0.975)"
"north",0.975,6.87762604734792,FALSE,"High-evidence zone (P >= 0.975)"
"north",0.975,7.71620907982353,FALSE,"High-evidence zone (P >= 0.975)"
"north",0.975,8.58904078402676,FALSE,"High-evidence zone (P >= 0.975)"
"north",0.975,5.4440314199199,FALSE,"High-evidence zone (P >= 0.975)"
"north",0.975,0.952586723812725,TRUE,"High-evidence zone (P >= 0.975)"
"north",0.975,1.94383913591503,TRUE,"High-evidence zone (P >= 0.975)"
"north",0.975,2.93509154801739,TRUE,"High-evidence zone (P >= 0.975)"
"north",0.975,3.92634396011969,TRUE,"High-evidence zone (P >= 0.975)"
"north",0.975,4.917596372222,TRUE,"High-evidence zone (P >= 0.975)"
"north",0.975,5.9088487843243,TRUE,"High-evidence zone (P >= 0.975)"
"north",0.975,6.90010119642666,TRUE,"High-evidence zone (P >= 0.975)"
"north",0.975,7.89135360852896,TRUE,"High-evidence zone (P >= 0.975)"
"north",0.975,0.201172730806258,FALSE,"High-evidence zone (P >= 0.975)"
"north",0.975,3.15022822701591,FALSE,"High-evidence zone (P >= 0.975)"
"north",0.975,6.35635769450572,FALSE,"High-evidence zone (P >= 0.975)"
"north",0.975,8.17760140157361,FALSE,"High-evidence zone (P >= 0.975)"
"north",0.975,5.54482883674846,FALSE,"High-evidence zone (P >= 0.975)"
"north",0.975,7.77198857100299,TRUE,"High-evidence zone (P >= 0.975)"
"north",0.975,1.87300329691952,FALSE,"High-evidence zone (P >= 0.975)"
"north",0.975,0.889362549492929,FALSE,"High-evidence zone (P >= 0.975)"
"north",0.975,0,FALSE,"High-evidence zone (P >= 0.975)"
"north",0.975,0,FALSE,"High-evidence zone (P >= 0.975)"
"north",0.975,0.0264170429754261,FALSE,"High-evidence zone (P >= 0.975)"
"north",0.975,2.54679781170823,FALSE,"High-evidence zone (P >= 0.975)"
"north",0.975,3.27870943683463,FALSE,"High-evidence zone (P >= 0.975)"
"north",0.975,4.12398939843285,FALSE,"High-evidence zone (P >= 0.975)"
"north",0.975,5.02575746085265,FALSE,"High-evidence zone (P >= 0.975)"
"north",0.975,5.95842127261724,FALSE,"High-evidence zone (P >= 0.975)"
"north",0.975,7.87227194680762,FALSE,"High-evidence zone (P >= 0.975)"
"north",0.975,8.84296336871022,FALSE,"High-evidence zone (P >= 0.975)"
"north",0.975,8.64168913965752,FALSE,"High-evidence zone (P >= 0.975)"
"north",0.975,7.65116711653354,FALSE,"High-evidence zone (P >= 0.975)"
"north",0.975,6.66064509340956,FALSE,"High-evidence zone (P >= 0.975)"
"north",0.975,5.67012307028553,FALSE,"High-evidence zone (P >= 0.975)"
"north",0.975,7.65262353347701,TRUE,"High-evidence zone (P >= 0.975)"
"north",0.975,8.64387594557931,TRUE,"High-evidence zone (P >= 0.975)"
"north",0.975,9.63512835768167,TRUE,"High-evidence zone (P >= 0.975)"
"north",0.975,2.04421405047695,FALSE,"High-evidence zone (P >= 0.975)"
"north",0.975,9.51576332015581,TRUE,"High-evidence zone (P >= 0.975)"
"north",0.975,2.21542480403454,FALSE,"High-evidence zone (P >= 0.975)"
"north",0.975,9.39639828262983,TRUE,"High-evidence zone (P >= 0.975)"
"north",0.975,7.3048392947252,FALSE,"High-evidence zone (P >= 0.975)"
"north",0.975,6.32119854729855,FALSE,"High-evidence zone (P >= 0.975)"
"north",0.975,5.33755779987196,FALSE,"High-evidence zone (P >= 0.975)"
"north",0.975,4.35391705244537,FALSE,"High-evidence zone (P >= 0.975)"
"north",0.975,3.37027630501878,FALSE,"High-evidence zone (P >= 0.975)"
"north",0.975,2.38663555759213,FALSE,"High-evidence zone (P >= 0.975)"
"north",0.975,9.27703324510385,FALSE,"High-evidence zone (P >= 0.975)"
"north",0.975,7.47605004828278,FALSE,"High-evidence zone (P >= 0.975)"
"north",0.975,9.15766820757788,FALSE,"High-evidence zone (P >= 0.975)"
"north",0.975,7.64946286912786,FALSE,"High-evidence zone (P >= 0.975)"
"north",0.975,9.0383031700519,FALSE,"High-evidence zone (P >= 0.975)"
"north",0.975,10.0295555821542,FALSE,"High-evidence zone (P >= 0.975)"
"north",0.975,11.0208079942565,FALSE,"High-evidence zone (P >= 0.975)"
"north",0.975,7.83210045932616,FALSE,"High-evidence zone (P >= 0.975)"
"north",0.975,10.9014429567306,FALSE,"High-evidence zone (P >= 0.975)"
"north",0.975,9.9779136188474,FALSE,"High-evidence zone (P >= 0.975)"
"north",0.975,8.99632583418601,FALSE,"High-evidence zone (P >= 0.975)"
"north",0.975,8.01473804952462,FALSE,"High-evidence zone (P >= 0.975)"
"north",0.975,10.7820779192047,FALSE,"High-evidence zone (P >= 0.975)"
"north",0.975,10.1605512090459,FALSE,"High-evidence zone (P >= 0.975)"
"north",0.975,10.6627128816787,FALSE,"High-evidence zone (P >= 0.975)"
"north",0.975,10.3468141081805,FALSE,"High-evidence zone (P >= 0.975)"
"north",0.975,9.36629587980942,FALSE,"High-evidence zone (P >= 0.975)"
"north",0.975,8.38577765143835,FALSE,"High-evidence zone (P >= 0.975)"
"north",0.975,10.5433478441527,FALSE,"High-evidence zone (P >= 0.975)"
"north",0.975,11.534600256255,FALSE,"High-evidence zone (P >= 0.975)"
"north",0.975,12.5258526683574,FALSE,"High-evidence zone (P >= 0.975)"
"north",0.975,13.5171050804597,FALSE,"High-evidence zone (P >= 0.975)"
"north",0.975,14.508357492562,FALSE,"High-evidence zone (P >= 0.975)"
"north",0.975,15.4996099046643,FALSE,"High-evidence zone (P >= 0.975)"
"north",0.975,8.57775328915647,FALSE,"High-evidence zone (P >= 0.975)"
"north",0.975,15.3802448671384,FALSE,"High-evidence zone (P >= 0.975)"
"north",0.975,8.81659601356259,FALSE,"High-evidence zone (P >= 0.975)"
"north",0.975,15.2608798296124,FALSE,"High-evidence zone (P >= 0.975)"
"north",0.975,16.2521322417148,FALSE,"High-evidence zone (P >= 0.975)"
"north",0.975,16.4021427759038,FALSE,"High-evidence zone (P >= 0.975)"
"north",0.975,9.15856542826553,FALSE,"High-evidence zone (P >= 0.975)"
"north",0.975,15.9664239133583,FALSE,"High-evidence zone (P >= 0.975)"
"north",0.975,9.59292624642792,FALSE,"High-evidence zone (P >= 0.975)"
"north",0.975,8.72833701353335,FALSE,"High-evidence zone (P >= 0.975)"
"north",0.975,7.89538451146994,FALSE,"High-evidence zone (P >= 0.975)"
"north",0.975,7.10520391374055,FALSE,"High-evidence zone (P >= 0.975)"
"north",0.975,4.15145322948052,FALSE,"High-evidence zone (P >= 0.975)"
"north",0.975,4.38265848102813,FALSE,"High-evidence zone (P >= 0.975)"
"north",0.975,4.79288735326262,FALSE,"High-evidence zone (P >= 0.975)"
"north",0.975,5.35998502894673,FALSE,"High-evidence zone (P >= 0.975)"
"north",0.975,6.03992602187589,FALSE,"High-evidence zone (P >= 0.975)"
"north",0.975,7.23833132821345,FALSE,"High-evidence zone (P >= 0.975)"
"north",0.975,6.2418567299333,FALSE,"High-evidence zone (P >= 0.975)"
"north",0.975,5.24538213165309,FALSE,"High-evidence zone (P >= 0.975)"
"north",0.975,15.5827165587106,FALSE,"High-evidence zone (P >= 0.975)"
"north",0.975,11.0629657596027,FALSE,"High-evidence zone (P >= 0.975)"
"north",0.975,10.2119357683615,FALSE,"High-evidence zone (P >= 0.975)"
"north",0.975,9.38997600560684,FALSE,"High-evidence zone (P >= 0.975)"
"north",0.975,8.60542056754551,FALSE,"High-evidence zone (P >= 0.975)"
"north",0.975,7.86946462045095,FALSE,"High-evidence zone (P >= 0.975)"
"north",0.975,7.17764957169148,FALSE,"High-evidence zone (P >= 0.975)"
"north",0.975,6.48823358544529,FALSE,"High-evidence zone (P >= 0.975)"
"north",0.975,5.79881759919909,FALSE,"High-evidence zone (P >= 0.975)"
"north",0.975,5.11804142397905,FALSE,"High-evidence zone (P >= 0.975)"
"north",0.975,4.53601952246181,FALSE,"High-evidence zone (P >= 0.975)"
"north",0.975,4.11706141665087,FALSE,"High-evidence zone (P >= 0.975)"
"north",0.975,3.89116696133928,FALSE,"High-evidence zone (P >= 0.975)"
"north",0.975,7.78632093800089,FALSE,"High-evidence zone (P >= 0.975)"
"north",0.975,5.13083303475302,FALSE,"High-evidence zone (P >= 0.975)"
"north",0.975,6.76690391847578,FALSE,"High-evidence zone (P >= 0.975)"
"north",0.975,7.30033957849825,FALSE,"High-evidence zone (P >= 0.975)"
"north",0.975,5.30739038193789,FALSE,"High-evidence zone (P >= 0.975)"
"north",0.975,15.2549459502583,FALSE,"High-evidence zone (P >= 0.975)"
"north",0.975,10.5962980325362,FALSE,"High-evidence zone (P >= 0.975)"
"north",0.975,2.90950006486208,FALSE,"High-evidence zone (P >= 0.975)"
"north",0.975,8.53039405135474,FALSE,"High-evidence zone (P >= 0.975)"
"north",0.975,7.93047773081364,FALSE,"High-evidence zone (P >= 0.975)"
"north",0.975,7.35881975964222,FALSE,"High-evidence zone (P >= 0.975)"
"north",0.975,6.79508454997142,FALSE,"High-evidence zone (P >= 0.975)"
"north",0.975,6.32037383900553,FALSE,"High-evidence zone (P >= 0.975)"
"north",0.975,5.97617548253413,FALSE,"High-evidence zone (P >= 0.975)"
"north",0.975,5.78582905390663,FALSE,"High-evidence zone (P >= 0.975)"
"north",0.975,5.76459528447139,FALSE,"High-evidence zone (P >= 0.975)"
"north",0.975,5.9109460716004,FALSE,"High-evidence zone (P >= 0.975)"
"north",0.975,6.11021284002463,FALSE,"High-evidence zone (P >= 0.975)"
"north",0.975,7.55640316302361,FALSE,"High-evidence zone (P >= 0.975)"
"north",0.975,8.17582363502813,FALSE,"High-evidence zone (P >= 0.975)"
"north",0.975,8.86468002636009,FALSE,"High-evidence zone (P >= 0.975)"
"north",0.975,9.3552970253433,FALSE,"High-evidence zone (P >= 0.975)"
"north",0.975,8.35882242706315,FALSE,"High-evidence zone (P >= 0.975)"
"north",0.975,7.362347828783,FALSE,"High-evidence zone (P >= 0.975)"
"north",0.975,5.36939863222264,FALSE,"High-evidence zone (P >= 0.975)"
"north",0.975,4.37292403394249,FALSE,"High-evidence zone (P >= 0.975)"
"north",0.975,3.37644943566234,FALSE,"High-evidence zone (P >= 0.975)"
"north",0.975,14.9608124777098,FALSE,"High-evidence zone (P >= 0.975)"
"north",0.975,10.2064592498406,FALSE,"High-evidence zone (P >= 0.975)"
"north",0.975,1.92783316838577,FALSE,"High-evidence zone (P >= 0.975)"
"north",0.975,1.74013142947501,FALSE,"High-evidence zone (P >= 0.975)"
"north",0.975,1.63324608639966,FALSE,"High-evidence zone (P >= 0.975)"
"north",0.975,1.74105726704347,FALSE,"High-evidence zone (P >= 0.975)"
"north",0.975,2.29833972421794,FALSE,"High-evidence zone (P >= 0.975)"
"north",0.975,3.08659149847254,FALSE,"High-evidence zone (P >= 0.975)"
"north",0.975,3.53347069622816,FALSE,"High-evidence zone (P >= 0.975)"
"north",0.975,14.7069387373114,FALSE,"High-evidence zone (P >= 0.975)"
"north",0.975,9.89532826396691,FALSE,"High-evidence zone (P >= 0.975)"
"north",0.975,2.69816524064053,FALSE,"High-evidence zone (P >= 0.975)"
"north",0.975,3.89904289921034,FALSE,"High-evidence zone (P >= 0.975)"
"north",0.975,14.5175804416919,FALSE,"High-evidence zone (P >= 0.975)"
"north",0.975,13.5323474993649,FALSE,"High-evidence zone (P >= 0.975)"
"north",0.975,12.5491956840217,FALSE,"High-evidence zone (P >= 0.975)"
"north",0.975,11.5686555959585,FALSE,"High-evidence zone (P >= 0.975)"
"north",0.975,10.5914526288734,FALSE,"High-evidence zone (P >= 0.975)"
"north",0.975,9.61860394190164,FALSE,"High-evidence zone (P >= 0.975)"
"north",0.975,2.62998597175924,FALSE,"High-evidence zone (P >= 0.975)"
"north",0.975,3.62828409298359,FALSE,"High-evidence zone (P >= 0.975)"
"north",0.975,4.62658221420794,FALSE,"High-evidence zone (P >= 0.975)"
"north",0.975,4.39249725016515,FALSE,"High-evidence zone (P >= 0.975)"
"north",0.975,4.64244319757774,FALSE,"High-evidence zone (P >= 0.975)"
"north",0.975,5.03820270370892,FALSE,"High-evidence zone (P >= 0.975)"
"north",0.975,4.38563236998272,FALSE,"High-evidence zone (P >= 0.975)"
"north",0.975,3.88299531230105,FALSE,"High-evidence zone (P >= 0.975)"
"north",0.975,3.59376271000122,FALSE,"High-evidence zone (P >= 0.975)"
"north",0.975,15.672026592869,FALSE,"High-evidence zone (P >= 0.975)"
"north",0.975,15.3387749112841,FALSE,"High-evidence zone (P >= 0.975)"
"north",0.975,14.3408324012828,FALSE,"High-evidence zone (P >= 0.975)"
"north",0.975,4.65962851468147,FALSE,"High-evidence zone (P >= 0.975)"
"north",0.975,5.65787876608411,FALSE,"High-evidence zone (P >= 0.975)"
"north",0.975,6.65612901748668,FALSE,"High-evidence zone (P >= 0.975)"
"north",0.975,4.58285311076882,FALSE,"High-evidence zone (P >= 0.975)"
"north",0.975,15.9967742262855,FALSE,"High-evidence zone (P >= 0.975)"
"north",0.975,14.3106497872831,FALSE,"High-evidence zone (P >= 0.975)"
"north",0.975,6.67331433459043,FALSE,"High-evidence zone (P >= 0.975)"
"north",0.975,5.5756535654669,FALSE,"High-evidence zone (P >= 0.975)"
"north",0.975,5.56048442244726,FALSE,"High-evidence zone (P >= 0.975)"
"north",0.975,5.63868929339148,FALSE,"High-evidence zone (P >= 0.975)"
"north",0.975,11.9033193245808,FALSE,"High-evidence zone (P >= 0.975)"
"north",0.975,12.7817159338396,FALSE,"High-evidence zone (P >= 0.975)"
"north",0.975,13.6753496933692,FALSE,"High-evidence zone (P >= 0.975)"
"north",0.975,14.5715445993025,FALSE,"High-evidence zone (P >= 0.975)"
"north",0.975,15.4689437992212,FALSE,"High-evidence zone (P >= 0.975)"
"north",0.975,16.2906858684698,FALSE,"High-evidence zone (P >= 0.975)"
"north",0.975,14.29389470178,FALSE,"High-evidence zone (P >= 0.975)"
"north",0.975,13.2954991184351,FALSE,"High-evidence zone (P >= 0.975)"
"north",0.975,12.2971035350902,FALSE,"High-evidence zone (P >= 0.975)"
"north",0.975,11.2987079517454,FALSE,"High-evidence zone (P >= 0.975)"
"north",0.975,10.3003123684005,FALSE,"High-evidence zone (P >= 0.975)"
"north",0.975,9.30191678505561,FALSE,"High-evidence zone (P >= 0.975)"
"north",0.975,6.69049965169418,FALSE,"High-evidence zone (P >= 0.975)"
"north",0.975,6.63510445310733,FALSE,"High-evidence zone (P >= 0.975)"
"north",0.975,12.4260212078385,FALSE,"High-evidence zone (P >= 0.975)"
"north",0.975,9.31400539275946,FALSE,"High-evidence zone (P >= 0.975)"
"north",0.975,6.70766721107318,FALSE,"High-evidence zone (P >= 0.975)"
"north",0.975,7.63151961282316,FALSE,"High-evidence zone (P >= 0.975)"
"north",0.975,7.70976505941784,FALSE,"High-evidence zone (P >= 0.975)"
"north",0.975,7.78801050601251,FALSE,"High-evidence zone (P >= 0.975)"
"north",0.975,7.86625595260718,FALSE,"High-evidence zone (P >= 0.975)"
"north",0.975,7.9801963951117,FALSE,"High-evidence zone (P >= 0.975)"
"north",0.975,11.4775973090553,FALSE,"High-evidence zone (P >= 0.975)"
"north",0.975,12.2242095139032,FALSE,"High-evidence zone (P >= 0.975)"
"north",0.975,13.0046512064145,FALSE,"High-evidence zone (P >= 0.975)"
"north",0.975,9.40931701423967,FALSE,"High-evidence zone (P >= 0.975)"
"north",0.975,8.41793333651137,FALSE,"High-evidence zone (P >= 0.975)"
"north",0.975,7.42654965878313,FALSE,"High-evidence zone (P >= 0.975)"
"north",0.975,6.72478712713003,FALSE,"High-evidence zone (P >= 0.975)"
"north",0.975,8.9664063188947,FALSE,"High-evidence zone (P >= 0.975)"
"north",0.975,12.1839298980171,FALSE,"High-evidence zone (P >= 0.975)"
"north",0.975,7.58973057477779,FALSE,"High-evidence zone (P >= 0.975)"
"north",0.975,6.74190704318688,FALSE,"High-evidence zone (P >= 0.975)"
"north",0.975,9.95526533421496,FALSE,"High-evidence zone (P >= 0.975)"
"north",0.975,10.1414096928123,FALSE,"High-evidence zone (P >= 0.975)"
"north",0.975,10.4203008473865,FALSE,"High-evidence zone (P >= 0.975)"
"north",0.975,10.7847459614194,FALSE,"High-evidence zone (P >= 0.975)"
"north",0.975,11.2264160649957,FALSE,"High-evidence zone (P >= 0.975)"
"north",0.975,11.7365960306285,FALSE,"High-evidence zone (P >= 0.975)"
"north",0.975,12.3067685286458,FALSE,"High-evidence zone (P >= 0.975)"
"north",0.975,12.9289989310427,FALSE,"High-evidence zone (P >= 0.975)"
"north",0.975,7.87553896806403,FALSE,"High-evidence zone (P >= 0.975)"
"north",0.975,6.94666087760591,FALSE,"High-evidence zone (P >= 0.975)"
"north",0.975,6.04000638817184,FALSE,"High-evidence zone (P >= 0.975)"
"north",0.975,5.16546584035397,FALSE,"High-evidence zone (P >= 0.975)"
"north",0.975,4.30189573461294,FALSE,"High-evidence zone (P >= 0.975)"
"north",0.975,4.76252421381511,FALSE,"High-evidence zone (P >= 0.975)"
"north",0.975,5.76077558652945,FALSE,"High-evidence zone (P >= 0.975)"
"north",0.975,6.75902695924373,FALSE,"High-evidence zone (P >= 0.975)"
"north",0.975,4.80394919083753,FALSE,"High-evidence zone (P >= 0.975)"
"north",0.975,4.77964412987197,FALSE,"High-evidence zone (P >= 0.975)"
"north",0.975,5.3092822041185,FALSE,"High-evidence zone (P >= 0.975)"
"north",0.975,4.44789133695182,FALSE,"High-evidence zone (P >= 0.975)"
"north",0.975,3.58650046978508,FALSE,"High-evidence zone (P >= 0.975)"
"north",0.975,2.7251096026184,FALSE,"High-evidence zone (P >= 0.975)"
"north",0.975,1.8651859531721,FALSE,"High-evidence zone (P >= 0.975)"
"north",0.975,1.00747657234489,FALSE,"High-evidence zone (P >= 0.975)"
"north",0.975,0.149767191517621,FALSE,"High-evidence zone (P >= 0.975)"
"north",0.975,0,FALSE,"High-evidence zone (P >= 0.975)"
"north",0.975,0.804864752744173,FALSE,"High-evidence zone (P >= 0.975)"
"north",0.975,1.80308797028424,FALSE,"High-evidence zone (P >= 0.975)"
"north",0.975,2.80131118782425,FALSE,"High-evidence zone (P >= 0.975)"
"north",0.975,3.79953440536426,FALSE,"High-evidence zone (P >= 0.975)"
"north",0.975,4.79775762290427,FALSE,"High-evidence zone (P >= 0.975)"
"south",0.975,2.24500264040297,FALSE,"High-evidence zone (P >= 0.975)"
"south",0.975,2.27426880073681,FALSE,"High-evidence zone (P >= 0.975)"
"south",0.975,2.59110480472768,FALSE,"High-evidence zone (P >= 0.975)"
"south",0.975,3.20139753075003,FALSE,"High-evidence zone (P >= 0.975)"
"south",0.975,1.24566187286941,FALSE,"High-evidence zone (P >= 0.975)"
"south",0.975,2.51342262500001,FALSE,"High-evidence zone (P >= 0.975)"
"south",0.975,3.30833262890196,FALSE,"High-evidence zone (P >= 0.975)"
"south",0.975,2.31078377012107,FALSE,"High-evidence zone (P >= 0.975)"
"south",0.975,1.31452462540031,FALSE,"High-evidence zone (P >= 0.975)"
"south",0.975,0.331398338928271,FALSE,"High-evidence zone (P >= 0.975)"
"south",0.975,0.125828306641085,FALSE,"High-evidence zone (P >= 0.975)"
"south",0.975,0.14304156359748,FALSE,"High-evidence zone (P >= 0.975)"
"south",0.975,0.160254820553875,FALSE,"High-evidence zone (P >= 0.975)"
"south",0.975,0.17746807751027,FALSE,"High-evidence zone (P >= 0.975)"
"south",0.975,0.194681334466664,FALSE,"High-evidence zone (P >= 0.975)"
"south",0.975,0.21189459142306,FALSE,"High-evidence zone (P >= 0.975)"
"south",0.975,0.229107848379455,FALSE,"High-evidence zone (P >= 0.975)"
"south",0.975,0.246321105335849,FALSE,"High-evidence zone (P >= 0.975)"
"south",0.975,1.867643139879,FALSE,"High-evidence zone (P >= 0.975)"
"south",0.975,3.28063653538891,FALSE,"High-evidence zone (P >= 0.975)"
"south",0.975,1.59500192684817,FALSE,"High-evidence zone (P >= 0.975)"
"south",0.975,0.0361815553586854,FALSE,"High-evidence zone (P >= 0.975)"
"south",0.975,0.852380408824002,FALSE,"High-evidence zone (P >= 0.975)"
"south",0.975,1.66857926228932,FALSE,"High-evidence zone (P >= 0.975)"
"south",0.975,2.48477811575468,FALSE,"High-evidence zone (P >= 0.975)"
"south",0.975,3.30097696922,FALSE,"High-evidence zone (P >= 0.975)"
"south",0.975,4.11717582268531,FALSE,"High-evidence zone (P >= 0.975)"
"south",0.975,4.93337467615063,FALSE,"High-evidence zone (P >= 0.975)"
"south",0.975,5.77385698033113,FALSE,"High-evidence zone (P >= 0.975)"
"south",0.975,5.28852453991223,FALSE,"High-evidence zone (P >= 0.975)"
"south",0.975,4.29562846715764,FALSE,"High-evidence zone (P >= 0.975)"
"south",0.975,3.30604787566482,FALSE,"High-evidence zone (P >= 0.975)"
"south",0.975,1.89682082008127,FALSE,"High-evidence zone (P >= 0.975)"
"south",0.975,0,FALSE,"High-evidence zone (P >= 0.975)"
"south",0.975,5.34618573292641,FALSE,"High-evidence zone (P >= 0.975)"
"south",0.975,5.30042439969558,FALSE,"High-evidence zone (P >= 0.975)"
"south",0.975,2.56831693718135,FALSE,"High-evidence zone (P >= 0.975)"
"south",0.975,0,FALSE,"High-evidence zone (P >= 0.975)"
"south",0.975,5.08172580731194,FALSE,"High-evidence zone (P >= 0.975)"
"south",0.975,6.06750821476118,FALSE,"High-evidence zone (P >= 0.975)"
"south",0.975,6.78966586841726,FALSE,"High-evidence zone (P >= 0.975)"
"south",0.975,6.67717898144212,FALSE,"High-evidence zone (P >= 0.975)"
"south",0.975,6.66461184180815,FALSE,"High-evidence zone (P >= 0.975)"
"south",0.975,6.65487365164696,FALSE,"High-evidence zone (P >= 0.975)"
"south",0.975,6.64513546148577,FALSE,"High-evidence zone (P >= 0.975)"
"south",0.975,6.63539727132459,FALSE,"High-evidence zone (P >= 0.975)"
"south",0.975,6.6256590811634,FALSE,"High-evidence zone (P >= 0.975)"
"south",0.975,6.61592089100222,FALSE,"High-evidence zone (P >= 0.975)"
"south",0.975,6.25890521065257,FALSE,"High-evidence zone (P >= 0.975)"
"south",0.975,5.26127360719872,FALSE,"High-evidence zone (P >= 0.975)"
"south",0.975,3.29512499562437,FALSE,"High-evidence zone (P >= 0.975)"
"south",0.975,0,FALSE,"High-evidence zone (P >= 0.975)"
"south",0.975,4.02193305406738,FALSE,"High-evidence zone (P >= 0.975)"
"south",0.975,0,FALSE,"High-evidence zone (P >= 0.975)"
"south",0.975,0.190157973264789,FALSE,"High-evidence zone (P >= 0.975)"
"south",0.975,0.235574989221311,FALSE,"High-evidence zone (P >= 0.975)"
"south",0.975,4.74393528360338,FALSE,"High-evidence zone (P >= 0.975)"
"south",0.975,5.43408876997691,FALSE,"High-evidence zone (P >= 0.975)"
"south",0.975,6.11943642744346,FALSE,"High-evidence zone (P >= 0.975)"
"south",0.975,0,FALSE,"High-evidence zone (P >= 0.975)"
"south",0.975,6.04107592972242,FALSE,"High-evidence zone (P >= 0.975)"
"south",0.975,0,FALSE,"High-evidence zone (P >= 0.975)"
"south",0.975,5.47231810347388,FALSE,"High-evidence zone (P >= 0.975)"
"south",0.975,0.29178770244183,FALSE,"High-evidence zone (P >= 0.975)"
"south",0.975,0.172918248110249,FALSE,"High-evidence zone (P >= 0.975)"
"south",0.975,0.0540487937786743,FALSE,"High-evidence zone (P >= 0.975)"
"south",0.975,0,FALSE,"High-evidence zone (P >= 0.975)"
"south",0.975,5.03943352874868,FALSE,"High-evidence zone (P >= 0.975)"
"south",0.975,0.106566638133847,FALSE,"High-evidence zone (P >= 0.975)"
"south",0.975,4.77948459395748,FALSE,"High-evidence zone (P >= 0.975)"
"south",0.975,0,FALSE,"High-evidence zone (P >= 0.975)"
"south",0.975,4.72112417811786,FALSE,"High-evidence zone (P >= 0.975)"
"south",0.975,0,FALSE,"High-evidence zone (P >= 0.975)"
"south",0.975,4.87160259613527,FALSE,"High-evidence zone (P >= 0.975)"
"south",0.975,0,FALSE,"High-evidence zone (P >= 0.975)"
"south",0.975,5.21286562576351,FALSE,"High-evidence zone (P >= 0.975)"
"south",0.975,0,FALSE,"High-evidence zone (P >= 0.975)"
"south",0.975,5.71081273007562,FALSE,"High-evidence zone (P >= 0.975)"
"south",0.975,0.128031119673145,FALSE,"High-evidence zone (P >= 0.975)"
"south",0.975,6.32856649422702,FALSE,"High-evidence zone (P >= 0.975)"
"south",0.975,0,FALSE,"High-evidence zone (P >= 0.975)"
"south",0.975,7.0346345700281,FALSE,"High-evidence zone (P >= 0.975)"
"south",0.975,0,FALSE,"High-evidence zone (P >= 0.975)"
"south",0.975,0,FALSE,"High-evidence zone (P >= 0.975)"
"south",0.975,0,FALSE,"High-evidence zone (P >= 0.975)"
"south",0.975,0.0957535161125204,FALSE,"High-evidence zone (P >= 0.975)"
"south",0.975,7.80508622783604,FALSE,"High-evidence zone (P >= 0.975)"
"south",0.975,0.22685031330026,FALSE,"High-evidence zone (P >= 0.975)"
"south",0.975,8.62268034558914,FALSE,"High-evidence zone (P >= 0.975)"
"south",0.975,1.2060268251113,FALSE,"High-evidence zone (P >= 0.975)"
"south",0.975,9.47522134245923,FALSE,"High-evidence zone (P >= 0.975)"
"south",0.975,2.18520333692146,FALSE,"High-evidence zone (P >= 0.975)"
"south",0.975,10.3540803774693,FALSE,"High-evidence zone (P >= 0.975)"
"south",0.975,3.1643798487325,FALSE,"High-evidence zone (P >= 0.975)"
"south",0.975,8.67327128252467,FALSE,"High-evidence zone (P >= 0.975)"
"south",0.975,8.86798455840981,FALSE,"High-evidence zone (P >= 0.975)"
"south",0.975,9.07905314061515,FALSE,"High-evidence zone (P >= 0.975)"
"south",0.975,9.2901217228205,FALSE,"High-evidence zone (P >= 0.975)"
"south",0.975,9.50119030502585,FALSE,"High-evidence zone (P >= 0.975)"
"south",0.975,9.7122588872312,FALSE,"High-evidence zone (P >= 0.975)"
"south",0.975,9.92332746943654,FALSE,"High-evidence zone (P >= 0.975)"
"south",0.975,11.2530928755495,FALSE,"High-evidence zone (P >= 0.975)"
"south",0.975,4.14355636054354,FALSE,"High-evidence zone (P >= 0.975)"
"south",0.975,9.66247718317728,FALSE,"High-evidence zone (P >= 0.975)"
"south",0.975,10.9002263932656,FALSE,"High-evidence zone (P >= 0.975)"
"south",0.975,12.1677925646571,FALSE,"High-evidence zone (P >= 0.975)"
"south",0.975,5.12273287235459,FALSE,"High-evidence zone (P >= 0.975)"
"south",0.975,5.32299404569818,FALSE,"High-evidence zone (P >= 0.975)"
"south",0.975,5.52325521904179,FALSE,"High-evidence zone (P >= 0.975)"
"south",0.975,10.204377384547,FALSE,"High-evidence zone (P >= 0.975)"
"south",0.975,10.4336161492371,FALSE,"High-evidence zone (P >= 0.975)"
"south",0.975,10.5773671160907,FALSE,"High-evidence zone (P >= 0.975)"
"south",0.975,10.6536028515572,FALSE,"High-evidence zone (P >= 0.975)"
"south",0.975,11.8771253170946,FALSE,"High-evidence zone (P >= 0.975)"
"south",0.975,12.0881938993,FALSE,"High-evidence zone (P >= 0.975)"
"south",0.975,12.3010605536799,FALSE,"High-evidence zone (P >= 0.975)"
"south",0.975,12.5151943241214,FALSE,"High-evidence zone (P >= 0.975)"
"south",0.975,12.769352035562,FALSE,"High-evidence zone (P >= 0.975)"
"south",0.975,13.094892529358,FALSE,"High-evidence zone (P >= 0.975)"
"south",0.975,6.50243173085283,FALSE,"High-evidence zone (P >= 0.975)"
"south",0.975,11.1777398141421,FALSE,"High-evidence zone (P >= 0.975)"
"south",0.975,7.48160824266298,FALSE,"High-evidence zone (P >= 0.975)"
"south",0.975,10.0567762899806,FALSE,"High-evidence zone (P >= 0.975)"
"south",0.975,10.7198633633433,FALSE,"High-evidence zone (P >= 0.975)"
"south",0.975,10.7728578809762,FALSE,"High-evidence zone (P >= 0.975)"
"south",0.975,11.3813788104462,FALSE,"High-evidence zone (P >= 0.975)"
"south",0.975,11.3361265327991,FALSE,"High-evidence zone (P >= 0.975)"
"south",0.975,11.378635349554,FALSE,"High-evidence zone (P >= 0.975)"
"south",0.975,11.5079327673714,FALSE,"High-evidence zone (P >= 0.975)"
"south",0.975,11.7068098949434,FALSE,"High-evidence zone (P >= 0.975)"
"south",0.975,11.9243160473887,FALSE,"High-evidence zone (P >= 0.975)"
"south",0.975,12.1511022437363,FALSE,"High-evidence zone (P >= 0.975)"
"south",0.975,8.46078475447402,FALSE,"High-evidence zone (P >= 0.975)"
"south",0.975,10.8464022720715,FALSE,"High-evidence zone (P >= 0.975)"
"south",0.975,11.7671849565529,FALSE,"High-evidence zone (P >= 0.975)"
"south",0.975,12.3772135772481,FALSE,"High-evidence zone (P >= 0.975)"
"south",0.975,9.43996126628507,FALSE,"High-evidence zone (P >= 0.975)"
"south",0.975,9.64022243962866,FALSE,"High-evidence zone (P >= 0.975)"
"south",0.975,9.84048361297226,FALSE,"High-evidence zone (P >= 0.975)"
"south",0.975,10.0487398884534,FALSE,"High-evidence zone (P >= 0.975)"
"south",0.975,10.3334170770806,FALSE,"High-evidence zone (P >= 0.975)"
"south",0.975,10.703991785392,FALSE,"High-evidence zone (P >= 0.975)"
"south",0.975,11.1519042456573,FALSE,"High-evidence zone (P >= 0.975)"
"south",0.975,11.6682514961159,FALSE,"High-evidence zone (P >= 0.975)"
"south",0.975,12.7623185396648,FALSE,"High-evidence zone (P >= 0.975)"
"south",0.975,12.7118675392463,FALSE,"High-evidence zone (P >= 0.975)"
"south",0.975,12.7397007293164,FALSE,"High-evidence zone (P >= 0.975)"
"south",0.975,12.9103687887321,FALSE,"High-evidence zone (P >= 0.975)"
"south",0.975,13.0346598159106,FALSE,"High-evidence zone (P >= 0.975)"
"south",0.975,13.2104383146181,FALSE,"High-evidence zone (P >= 0.975)"
"south",0.975,13.3735936111013,FALSE,"High-evidence zone (P >= 0.975)"
"south",0.975,13.7371054158736,FALSE,"High-evidence zone (P >= 0.975)"
"south",0.975,13.9060932773383,FALSE,"High-evidence zone (P >= 0.975)"
"south",0.975,14.7347926205023,FALSE,"High-evidence zone (P >= 0.975)"
"south",0.975,14.8152425977397,FALSE,"High-evidence zone (P >= 0.975)"
"south",0.975,14.9018177659435,FALSE,"High-evidence zone (P >= 0.975)"
"north",0.5,3.34043098228104,TRUE,"Zero contour (P = 0.50)"
"north",0.5,2.52879374508575,TRUE,"Zero contour (P = 0.50)"
"north",0.5,1.82091405913085,TRUE,"Zero contour (P = 0.50)"
"north",0.5,1.47464048252437,TRUE,"Zero contour (P = 0.50)"
"north",0.5,1.29431186022147,TRUE,"Zero contour (P = 0.50)"
"north",0.5,1.15249836599938,TRUE,"Zero contour (P = 0.50)"
"north",0.5,1.5095933523725,TRUE,"Zero contour (P = 0.50)"
"north",0.5,2.28540766716897,TRUE,"Zero contour (P = 0.50)"
"north",0.5,3.18761679480355,TRUE,"Zero contour (P = 0.50)"
"north",0.5,4.1342846981799,TRUE,"Zero contour (P = 0.50)"
"north",0.5,2.75855842535029,FALSE,"Zero contour (P = 0.50)"
"north",0.5,3.92785318810026,TRUE,"Zero contour (P = 0.50)"
"north",0.5,7.22731479421858,FALSE,"Zero contour (P = 0.50)"
"north",0.5,6.23374208881535,FALSE,"Zero contour (P = 0.50)"
"north",0.5,5.24200326542598,FALSE,"Zero contour (P = 0.50)"
"north",0.5,4.25338130777577,FALSE,"Zero contour (P = 0.50)"
"north",0.5,3.27070380402569,FALSE,"Zero contour (P = 0.50)"
"north",0.5,2.30159742520956,FALSE,"Zero contour (P = 0.50)"
"north",0.5,3.74731771957774,TRUE,"Zero contour (P = 0.50)"
"north",0.5,4.73043159328039,TRUE,"Zero contour (P = 0.50)"
"north",0.5,5.71354546698304,TRUE,"Zero contour (P = 0.50)"
"north",0.5,6.6966593406857,TRUE,"Zero contour (P = 0.50)"
"north",0.5,7.6797732143884,TRUE,"Zero contour (P = 0.50)"
"north",0.5,7.2052448458707,FALSE,"Zero contour (P = 0.50)"
"north",0.5,7.5055560499339,TRUE,"Zero contour (P = 0.50)"
"north",0.5,9.29111684407289,FALSE,"Zero contour (P = 0.50)"
"north",0.5,8.30440368033065,FALSE,"Zero contour (P = 0.50)"
"north",0.5,7.32052768896804,FALSE,"Zero contour (P = 0.50)"
"north",0.5,7.33354529626514,TRUE,"Zero contour (P = 0.50)"
"north",0.5,8.3219814153546,TRUE,"Zero contour (P = 0.50)"
"north",0.5,9.31254311412161,TRUE,"Zero contour (P = 0.50)"
"north",0.5,10.3046174279773,TRUE,"Zero contour (P = 0.50)"
"north",0.5,9.65238521331925,TRUE,"Zero contour (P = 0.50)"
"north",0.5,8.77417659569879,TRUE,"Zero contour (P = 0.50)"
"north",0.5,9.46055073547985,FALSE,"Zero contour (P = 0.50)"
"north",0.5,8.32089748747736,TRUE,"Zero contour (P = 0.50)"
"north",0.5,11.6005737819918,FALSE,"Zero contour (P = 0.50)"
"north",0.5,10.6173448430908,FALSE,"Zero contour (P = 0.50)"
"north",0.5,9.63411590418984,FALSE,"Zero contour (P = 0.50)"
"north",0.5,7.95252317139757,TRUE,"Zero contour (P = 0.50)"
"north",0.5,7.0198856450841,TRUE,"Zero contour (P = 0.50)"
"north",0.5,6.09118310933369,TRUE,"Zero contour (P = 0.50)"
"north",0.5,5.186611208374,TRUE,"Zero contour (P = 0.50)"
"north",0.5,4.32353518454065,TRUE,"Zero contour (P = 0.50)"
"north",0.5,3.53250246522527,TRUE,"Zero contour (P = 0.50)"
"north",0.5,2.87363660740456,TRUE,"Zero contour (P = 0.50)"
"north",0.5,2.4557274982661,TRUE,"Zero contour (P = 0.50)"
"north",0.5,11.7741389507018,FALSE,"Zero contour (P = 0.50)"
"north",0.5,1.50919623197089,TRUE,"Zero contour (P = 0.50)"
"north",0.5,11.9493888177487,FALSE,"Zero contour (P = 0.50)"
"north",0.5,0.722984657916099,TRUE,"Zero contour (P = 0.50)"
"north",0.5,0.480939741876147,TRUE,"Zero contour (P = 0.50)"
"north",0.5,0.807816813278687,TRUE,"Zero contour (P = 0.50)"
"north",0.5,1.18067860266823,TRUE,"Zero contour (P = 0.50)"
"north",0.5,1.87846309511532,TRUE,"Zero contour (P = 0.50)"
"north",0.5,12.1293915771675,FALSE,"Zero contour (P = 0.50)"
"north",0.5,1.24563401278147,TRUE,"Zero contour (P = 0.50)"
"north",0.5,15.2556142711631,FALSE,"Zero contour (P = 0.50)"
"north",0.5,14.2735409596376,FALSE,"Zero contour (P = 0.50)"
"north",0.5,13.291467648112,FALSE,"Zero contour (P = 0.50)"
"north",0.5,12.3093943365864,FALSE,"Zero contour (P = 0.50)"
"north",0.5,0.952586723812725,TRUE,"Zero contour (P = 0.50)"
"north",0.5,1.94383913591503,TRUE,"Zero contour (P = 0.50)"
"north",0.5,2.93509154801739,TRUE,"Zero contour (P = 0.50)"
"north",0.5,3.92634396011969,TRUE,"Zero contour (P = 0.50)"
"north",0.5,4.917596372222,TRUE,"Zero contour (P = 0.50)"
"north",0.5,5.9088487843243,TRUE,"Zero contour (P = 0.50)"
"north",0.5,6.90010119642666,TRUE,"Zero contour (P = 0.50)"
"north",0.5,7.89135360852896,TRUE,"Zero contour (P = 0.50)"
"north",0.5,15.4356170305821,FALSE,"Zero contour (P = 0.50)"
"north",0.5,7.77198857100299,TRUE,"Zero contour (P = 0.50)"
"north",0.5,15.6156197900011,FALSE,"Zero contour (P = 0.50)"
"north",0.5,7.65262353347701,TRUE,"Zero contour (P = 0.50)"
"north",0.5,8.64387594557931,TRUE,"Zero contour (P = 0.50)"
"north",0.5,9.63512835768167,TRUE,"Zero contour (P = 0.50)"
"north",0.5,10.626380769784,TRUE,"Zero contour (P = 0.50)"
"north",0.5,11.6176331818863,TRUE,"Zero contour (P = 0.50)"
"north",0.5,12.6088855939886,TRUE,"Zero contour (P = 0.50)"
"north",0.5,13.6001380060909,TRUE,"Zero contour (P = 0.50)"
"north",0.5,14.5913904181932,TRUE,"Zero contour (P = 0.50)"
"north",0.5,15.7956225494199,FALSE,"Zero contour (P = 0.50)"
"north",0.5,14.4720253806674,TRUE,"Zero contour (P = 0.50)"
"north",0.5,15.9857064181861,FALSE,"Zero contour (P = 0.50)"
"north",0.5,14.3526603431414,TRUE,"Zero contour (P = 0.50)"
"north",0.5,18.1248875164179,FALSE,"Zero contour (P = 0.50)"
"north",0.5,17.1412467689912,FALSE,"Zero contour (P = 0.50)"
"north",0.5,16.1576060215646,FALSE,"Zero contour (P = 0.50)"
"north",0.5,14.2332953056154,TRUE,"Zero contour (P = 0.50)"
"north",0.5,15.2245477177177,TRUE,"Zero contour (P = 0.50)"
"north",0.5,16.21580012982,TRUE,"Zero contour (P = 0.50)"
"north",0.5,17.2070525419224,TRUE,"Zero contour (P = 0.50)"
"north",0.5,18.1983049540247,TRUE,"Zero contour (P = 0.50)"
"north",0.5,18.2960982699754,FALSE,"Zero contour (P = 0.50)"
"north",0.5,18.0789399164987,TRUE,"Zero contour (P = 0.50)"
"north",0.5,18.467309023533,FALSE,"Zero contour (P = 0.50)"
"north",0.5,17.9595748789727,TRUE,"Zero contour (P = 0.50)"
"north",0.5,18.950827291075,TRUE,"Zero contour (P = 0.50)"
"north",0.5,18.4765112062935,TRUE,"Zero contour (P = 0.50)"
"north",0.5,17.7870952200474,TRUE,"Zero contour (P = 0.50)"
"north",0.5,17.0976792338012,TRUE,"Zero contour (P = 0.50)"
"north",0.5,16.4083154734688,TRUE,"Zero contour (P = 0.50)"
"north",0.5,15.7373812843691,TRUE,"Zero contour (P = 0.50)"
"north",0.5,15.1026858277619,TRUE,"Zero contour (P = 0.50)"
"north",0.5,18.6385197770905,FALSE,"Zero contour (P = 0.50)"
"north",0.5,14.3285909088935,TRUE,"Zero contour (P = 0.50)"
"north",0.5,18.8122036808001,FALSE,"Zero contour (P = 0.50)"
"north",0.5,17.8306158961386,FALSE,"Zero contour (P = 0.50)"
"north",0.5,16.8490281114772,FALSE,"Zero contour (P = 0.50)"
"north",0.5,13.5839564739026,TRUE,"Zero contour (P = 0.50)"
"north",0.5,12.920658633254,TRUE,"Zero contour (P = 0.50)"
"north",0.5,12.3027054772116,TRUE,"Zero contour (P = 0.50)"
"north",0.5,11.7372612269931,TRUE,"Zero contour (P = 0.50)"
"north",0.5,11.2322587520084,TRUE,"Zero contour (P = 0.50)"
"north",0.5,10.79618306362,TRUE,"Zero contour (P = 0.50)"
"north",0.5,10.437676816421,TRUE,"Zero contour (P = 0.50)"
"north",0.5,10.1649506843193,TRUE,"Zero contour (P = 0.50)"
"north",0.5,17.0316657016757,FALSE,"Zero contour (P = 0.50)"
"north",0.5,9.19453839478796,TRUE,"Zero contour (P = 0.50)"
"north",0.5,17.2143032918742,FALSE,"Zero contour (P = 0.50)"
"north",0.5,8.23108789893227,TRUE,"Zero contour (P = 0.50)"
"north",0.5,8.00553628615794,TRUE,"Zero contour (P = 0.50)"
"north",0.5,7.8178345472472,TRUE,"Zero contour (P = 0.50)"
"north",0.5,7.66928633344066,TRUE,"Zero contour (P = 0.50)"
"north",0.5,7.62797238010458,TRUE,"Zero contour (P = 0.50)"
"north",0.5,17.3987490703492,FALSE,"Zero contour (P = 0.50)"
"north",0.5,6.62885133115437,TRUE,"Zero contour (P = 0.50)"
"north",0.5,17.5879015980417,FALSE,"Zero contour (P = 0.50)"
"north",0.5,5.62973028220324,TRUE,"Zero contour (P = 0.50)"
"north",0.5,5.656736191392,TRUE,"Zero contour (P = 0.50)"
"north",0.5,5.85232854680916,TRUE,"Zero contour (P = 0.50)"
"north",0.5,6.20438804478912,TRUE,"Zero contour (P = 0.50)"
"north",0.5,6.68825157351144,TRUE,"Zero contour (P = 0.50)"
"north",0.5,7.27767708273498,TRUE,"Zero contour (P = 0.50)"
"north",0.5,7.94921724701783,TRUE,"Zero contour (P = 0.50)"
"north",0.5,8.68384260968245,TRUE,"Zero contour (P = 0.50)"
"north",0.5,17.7807330042953,FALSE,"Zero contour (P = 0.50)"
"north",0.5,8.07281485880655,TRUE,"Zero contour (P = 0.50)"
"north",0.5,18.0083141752809,FALSE,"Zero contour (P = 0.50)"
"north",0.5,17.0445488030763,FALSE,"Zero contour (P = 0.50)"
"north",0.5,16.0850086998736,FALSE,"Zero contour (P = 0.50)"
"north",0.5,15.130497756495,FALSE,"Zero contour (P = 0.50)"
"north",0.5,7.54516499803226,TRUE,"Zero contour (P = 0.50)"
"north",0.5,8.43458232437821,TRUE,"Zero contour (P = 0.50)"
"north",0.5,9.34603871357416,TRUE,"Zero contour (P = 0.50)"
"north",0.5,15.4620449311537,FALSE,"Zero contour (P = 0.50)"
"north",0.5,9.00586323273469,TRUE,"Zero contour (P = 0.50)"
"north",0.5,15.8497843005781,FALSE,"Zero contour (P = 0.50)"
"north",0.5,14.9470303528452,FALSE,"Zero contour (P = 0.50)"
"north",0.5,14.0572176077853,FALSE,"Zero contour (P = 0.50)"
"north",0.5,8.76702134855123,FALSE,"Zero contour (P = 0.50)"
"north",0.5,9.74989848586124,FALSE,"Zero contour (P = 0.50)"
"north",0.5,10.7356403699535,FALSE,"Zero contour (P = 0.50)"
"north",0.5,11.7235243988778,FALSE,"Zero contour (P = 0.50)"
"north",0.5,14.5514313255641,FALSE,"Zero contour (P = 0.50)"
"north",0.5,11.6272986079502,FALSE,"Zero contour (P = 0.50)"
"north",0.5,15.0957245006896,FALSE,"Zero contour (P = 0.50)"
"north",0.5,14.2851722150699,FALSE,"Zero contour (P = 0.50)"
"north",0.5,13.4998143964064,FALSE,"Zero contour (P = 0.50)"
"north",0.5,11.6146690627785,FALSE,"Zero contour (P = 0.50)"
"north",0.5,12.6129671840029,FALSE,"Zero contour (P = 0.50)"
"north",0.5,13.6112653052272,FALSE,"Zero contour (P = 0.50)"
"north",0.5,14.1555533676245,FALSE,"Zero contour (P = 0.50)"
"north",0.5,13.6266954602011,FALSE,"Zero contour (P = 0.50)"
"north",0.5,14.8496582916248,FALSE,"Zero contour (P = 0.50)"
"north",0.5,14.1663259672708,FALSE,"Zero contour (P = 0.50)"
"north",0.5,13.5222345769348,FALSE,"Zero contour (P = 0.50)"
"north",0.5,10.4308595214347,FALSE,"Zero contour (P = 0.50)"
"north",0.5,10.7032939175458,FALSE,"Zero contour (P = 0.50)"
"north",0.5,11.059465065028,FALSE,"Zero contour (P = 0.50)"
"north",0.5,11.4915895712258,FALSE,"Zero contour (P = 0.50)"
"north",0.5,11.1235337808676,FALSE,"Zero contour (P = 0.50)"
"north",0.5,13.6438807773048,FALSE,"Zero contour (P = 0.50)"
"north",0.5,14.6421310287074,FALSE,"Zero contour (P = 0.50)"
"north",0.5,15.64038128011,FALSE,"Zero contour (P = 0.50)"
"north",0.5,14.3171731153939,FALSE,"Zero contour (P = 0.50)"
"north",0.5,11.4061763802268,FALSE,"Zero contour (P = 0.50)"
"north",0.5,11.503895312822,FALSE,"Zero contour (P = 0.50)"
"north",0.5,15.6575665972137,FALSE,"Zero contour (P = 0.50)"
"north",0.5,15.1337102653801,FALSE,"Zero contour (P = 0.50)"
"north",0.5,14.5620522942086,FALSE,"Zero contour (P = 0.50)"
"north",0.5,13.9988881240011,FALSE,"Zero contour (P = 0.50)"
"north",0.5,13.4821524280397,FALSE,"Zero contour (P = 0.50)"
"north",0.5,13.0215819310569,FALSE,"Zero contour (P = 0.50)"
"north",0.5,12.6233258054797,FALSE,"Zero contour (P = 0.50)"
"north",0.5,12.0375521069946,FALSE,"Zero contour (P = 0.50)"
"north",0.5,11.8604472370086,FALSE,"Zero contour (P = 0.50)"
"north",0.5,11.7656854073553,FALSE,"Zero contour (P = 0.50)"
"north",0.5,11.7552581450844,FALSE,"Zero contour (P = 0.50)"
"north",0.5,11.8293884677115,FALSE,"Zero contour (P = 0.50)"
"north",0.5,11.9865076436887,FALSE,"Zero contour (P = 0.50)"
"north",0.5,12.1857584400829,FALSE,"Zero contour (P = 0.50)"
"north",0.5,12.3850252085071,FALSE,"Zero contour (P = 0.50)"
"north",0.5,11.9341936223437,FALSE,"Zero contour (P = 0.50)"
"north",0.5,11.059841167415,FALSE,"Zero contour (P = 0.50)"
"north",0.5,10.2082707835872,FALSE,"Zero contour (P = 0.50)"
"north",0.5,9.38568562457545,FALSE,"Zero contour (P = 0.50)"
"north",0.5,15.6747519143175,FALSE,"Zero contour (P = 0.50)"
"north",0.5,16.6730021657201,FALSE,"Zero contour (P = 0.50)"
"north",0.5,17.6712524171227,FALSE,"Zero contour (P = 0.50)"
"north",0.5,18.6695026685253,FALSE,"Zero contour (P = 0.50)"
"north",0.5,19.6677529199279,FALSE,"Zero contour (P = 0.50)"
"north",0.5,20.6660031713305,FALSE,"Zero contour (P = 0.50)"
"north",0.5,13.5585322214608,FALSE,"Zero contour (P = 0.50)"
"north",0.5,13.0149184529797,FALSE,"Zero contour (P = 0.50)"
"north",0.5,10.0087173263468,FALSE,"Zero contour (P = 0.50)"
"north",0.5,20.6831864290733,FALSE,"Zero contour (P = 0.50)"
"north",0.5,14.5023168989519,FALSE,"Zero contour (P = 0.50)"
"north",0.5,14.2161017987147,FALSE,"Zero contour (P = 0.50)"
"north",0.5,13.9954100252527,FALSE,"Zero contour (P = 0.50)"
"north",0.5,10.6890461792528,FALSE,"Zero contour (P = 0.50)"
"north",0.5,10.0065781855864,FALSE,"Zero contour (P = 0.50)"
"north",0.5,9.38089026990715,FALSE,"Zero contour (P = 0.50)"
"north",0.5,8.82406901817728,FALSE,"Zero contour (P = 0.50)"
"north",0.5,8.34990313289951,FALSE,"Zero contour (P = 0.50)"
"north",0.5,20.7003063451302,FALSE,"Zero contour (P = 0.50)"
"north",0.5,21.6985577178445,FALSE,"Zero contour (P = 0.50)"
"north",0.5,22.6968090905588,FALSE,"Zero contour (P = 0.50)"
"north",0.5,9.26283573536776,FALSE,"Zero contour (P = 0.50)"
"north",0.5,22.7139290066156,FALSE,"Zero contour (P = 0.50)"
"north",0.5,10.1920227246682,FALSE,"Zero contour (P = 0.50)"
"north",0.5,9.88572769304987,FALSE,"Zero contour (P = 0.50)"
"north",0.5,9.67323592867685,FALSE,"Zero contour (P = 0.50)"
"north",0.5,9.56080389675931,FALSE,"Zero contour (P = 0.50)"
"north",0.5,22.7310489226724,FALSE,"Zero contour (P = 0.50)"
"north",0.5,23.7293002953868,FALSE,"Zero contour (P = 0.50)"
"north",0.5,24.7275516681011,FALSE,"Zero contour (P = 0.50)"
"north",0.5,10.558604564059,FALSE,"Zero contour (P = 0.50)"
"north",0.5,24.7446715841579,FALSE,"Zero contour (P = 0.50)"
"north",0.5,11.5566970781525,FALSE,"Zero contour (P = 0.50)"
"north",0.5,11.5493862038791,FALSE,"Zero contour (P = 0.50)"
"north",0.5,11.6171802516856,FALSE,"Zero contour (P = 0.50)"
"north",0.5,24.7622219737048,FALSE,"Zero contour (P = 0.50)"
"north",0.5,25.7604451912448,FALSE,"Zero contour (P = 0.50)"
"north",0.5,26.7586684087849,FALSE,"Zero contour (P = 0.50)"
"north",0.5,12.6135954114006,FALSE,"Zero contour (P = 0.50)"
"north",0.5,26.7808341915502,FALSE,"Zero contour (P = 0.50)"
"north",0.5,13.6100105711164,FALSE,"Zero contour (P = 0.50)"
"north",0.5,26.8342153997176,FALSE,"Zero contour (P = 0.50)"
"north",0.5,14.6064257308322,FALSE,"Zero contour (P = 0.50)"
"north",0.5,14.6846711774269,FALSE,"Zero contour (P = 0.50)"
"north",0.5,14.7629166240216,FALSE,"Zero contour (P = 0.50)"
"north",0.5,24.9406371214376,FALSE,"Zero contour (P = 0.50)"
"north",0.5,25.932382204333,FALSE,"Zero contour (P = 0.50)"
"north",0.5,26.924619032954,FALSE,"Zero contour (P = 0.50)"
"north",0.5,15.7593317837374,FALSE,"Zero contour (P = 0.50)"
"north",0.5,25.0777457480259,FALSE,"Zero contour (P = 0.50)"
"north",0.5,16.7557469434524,FALSE,"Zero contour (P = 0.50)"
"north",0.5,20.7830029910326,FALSE,"Zero contour (P = 0.50)"
"north",0.5,19.9056684145293,FALSE,"Zero contour (P = 0.50)"
"north",0.5,19.0394482811976,FALSE,"Zero contour (P = 0.50)"
"north",0.5,18.1758781754565,FALSE,"Zero contour (P = 0.50)"
"north",0.5,17.3123080697155,FALSE,"Zero contour (P = 0.50)"
"north",0.5,16.4498559421894,FALSE,"Zero contour (P = 0.50)"
"north",0.5,15.5884650750227,FALSE,"Zero contour (P = 0.50)"
"north",0.5,14.727074207856,FALSE,"Zero contour (P = 0.50)"
"north",0.5,13.8656833406893,FALSE,"Zero contour (P = 0.50)"
"north",0.5,13.0042924735226,FALSE,"Zero contour (P = 0.50)"
"north",0.5,10.0811357713126,FALSE,"Zero contour (P = 0.50)"
"north",0.5,10.962883792703,FALSE,"Zero contour (P = 0.50)"
"north",0.5,11.863133657458,FALSE,"Zero contour (P = 0.50)"
"north",0.5,12.7779754189326,FALSE,"Zero contour (P = 0.50)"
"north",0.5,25.2536975789716,FALSE,"Zero contour (P = 0.50)"
"north",0.5,17.7521621031682,FALSE,"Zero contour (P = 0.50)"
"north",0.5,21.2681800886728,FALSE,"Zero contour (P = 0.50)"
"north",0.5,13.5117013968336,FALSE,"Zero contour (P = 0.50)"
"north",0.5,10.6058081198607,FALSE,"Zero contour (P = 0.50)"
"north",0.5,13.1958525015442,FALSE,"Zero contour (P = 0.50)"
"north",0.5,25.4676875441376,FALSE,"Zero contour (P = 0.50)"
"north",0.5,18.748577262884,FALSE,"Zero contour (P = 0.50)"
"north",0.5,18.8268227094787,FALSE,"Zero contour (P = 0.50)"
"north",0.5,18.9050681560734,FALSE,"Zero contour (P = 0.50)"
"north",0.5,19.0040543888747,FALSE,"Zero contour (P = 0.50)"
"north",0.5,19.1543353423679,FALSE,"Zero contour (P = 0.50)"
"north",0.5,19.3550158385415,FALSE,"Zero contour (P = 0.50)"
"north",0.5,19.6045482050017,FALSE,"Zero contour (P = 0.50)"
"north",0.5,19.9010949207325,FALSE,"Zero contour (P = 0.50)"
"north",0.5,20.2425898608728,FALSE,"Zero contour (P = 0.50)"
"north",0.5,20.6268006733168,FALSE,"Zero contour (P = 0.50)"
"north",0.5,21.0513886541413,FALSE,"Zero contour (P = 0.50)"
"north",0.5,21.5139633500759,FALSE,"Zero contour (P = 0.50)"
"north",0.5,22.0121300718226,FALSE,"Zero contour (P = 0.50)"
"north",0.5,22.5435294059958,FALSE,"Zero contour (P = 0.50)"
"north",0.5,21.7697716846659,FALSE,"Zero contour (P = 0.50)"
"north",0.5,14.0232716693986,FALSE,"Zero contour (P = 0.50)"
"north",0.5,13.1678698005083,FALSE,"Zero contour (P = 0.50)"
"north",0.5,12.3311424695818,FALSE,"Zero contour (P = 0.50)"
"north",0.5,11.1953111229255,FALSE,"Zero contour (P = 0.50)"
"north",0.5,13.6741489134171,FALSE,"Zero contour (P = 0.50)"
"north",0.5,14.5436811243981,FALSE,"Zero contour (P = 0.50)"
"north",0.5,15.428822680288,FALSE,"Zero contour (P = 0.50)"
"north",0.5,23.8018820705855,FALSE,"Zero contour (P = 0.50)"
"north",0.5,24.7587451994436,FALSE,"Zero contour (P = 0.50)"
"north",0.5,25.7187661856011,FALSE,"Zero contour (P = 0.50)"
"north",0.5,12.9208976337083,FALSE,"Zero contour (P = 0.50)"
"north",0.5,11.8399651279481,FALSE,"Zero contour (P = 0.50)"
"north",0.5,15.902778134392,FALSE,"Zero contour (P = 0.50)"
"north",0.5,24.1118098282561,FALSE,"Zero contour (P = 0.50)"
"north",0.5,13.5587637542861,FALSE,"Zero contour (P = 0.50)"
"north",0.5,12.8256754432764,FALSE,"Zero contour (P = 0.50)"
"north",0.5,12.1305161933741,FALSE,"Zero contour (P = 0.50)"
"north",0.5,11.2206176057711,FALSE,"Zero contour (P = 0.50)"
"north",0.5,11.8520289000723,FALSE,"Zero contour (P = 0.50)"
"north",0.5,12.5312615147513,FALSE,"Zero contour (P = 0.50)"
"north",0.5,16.4239487734149,FALSE,"Zero contour (P = 0.50)"
"north",0.5,17.2704834464205,FALSE,"Zero contour (P = 0.50)"
"north",0.5,18.1324763930398,FALSE,"Zero contour (P = 0.50)"
"north",0.5,22.6114165001978,FALSE,"Zero contour (P = 0.50)"
"north",0.5,23.531996024028,FALSE,"Zero contour (P = 0.50)"
"north",0.5,24.4586817738415,FALSE,"Zero contour (P = 0.50)"
"north",0.5,12.8855678892939,FALSE,"Zero contour (P = 0.50)"
"north",0.5,12.031124561034,FALSE,"Zero contour (P = 0.50)"
"north",0.5,18.6449027589934,FALSE,"Zero contour (P = 0.50)"
"north",0.5,23.0243752335127,FALSE,"Zero contour (P = 0.50)"
"north",0.5,13.6720245161292,FALSE,"Zero contour (P = 0.50)"
"north",0.5,13.0984473667996,FALSE,"Zero contour (P = 0.50)"
"north",0.5,12.5780757265066,FALSE,"Zero contour (P = 0.50)"
"north",0.5,12.1177659266211,FALSE,"Zero contour (P = 0.50)"
"north",0.5,11.7245942203879,FALSE,"Zero contour (P = 0.50)"
"north",0.5,11.4055058950869,FALSE,"Zero contour (P = 0.50)"
"north",0.5,11.1668534656232,FALSE,"Zero contour (P = 0.50)"
"north",0.5,11.0138669154966,FALSE,"Zero contour (P = 0.50)"
"north",0.5,10.9500816800892,FALSE,"Zero contour (P = 0.50)"
"north",0.5,10.9285868207863,FALSE,"Zero contour (P = 0.50)"
"north",0.5,12.8682405471547,FALSE,"Zero contour (P = 0.50)"
"north",0.5,19.1957301363778,FALSE,"Zero contour (P = 0.50)"
"north",0.5,20.0246536461791,FALSE,"Zero contour (P = 0.50)"
"north",0.5,20.8684222772101,FALSE,"Zero contour (P = 0.50)"
"north",0.5,21.7253064314456,FALSE,"Zero contour (P = 0.50)"
"north",0.5,22.5938139155433,FALSE,"Zero contour (P = 0.50)"
"north",0.5,23.4726545467256,FALSE,"Zero contour (P = 0.50)"
"north",0.5,11.9279346202064,FALSE,"Zero contour (P = 0.50)"
"north",0.5,13.7270983526706,FALSE,"Zero contour (P = 0.50)"
"north",0.5,12.9273043027735,FALSE,"Zero contour (P = 0.50)"
"north",0.5,12.9509980527214,FALSE,"Zero contour (P = 0.50)"
"north",0.5,13.0512490243812,FALSE,"Zero contour (P = 0.50)"
"north",0.5,13.2263164993494,FALSE,"Zero contour (P = 0.50)"
"north",0.5,13.4732843692711,FALSE,"Zero contour (P = 0.50)"
"north",0.5,13.7882896604059,FALSE,"Zero contour (P = 0.50)"
"north",0.5,14.1667945680384,FALSE,"Zero contour (P = 0.50)"
"north",0.5,14.6038625512731,FALSE,"Zero contour (P = 0.50)"
"south",0.5,41.150439546378,FALSE,"Zero contour (P = 0.50)"
"south",0.5,41.1676528033344,FALSE,"Zero contour (P = 0.50)"
"south",0.5,41.1848660602908,FALSE,"Zero contour (P = 0.50)"
"south",0.5,40.1510987788444,FALSE,"Zero contour (P = 0.50)"
"south",0.5,40.1855252927572,FALSE,"Zero contour (P = 0.50)"
"south",0.5,39.1173314973981,FALSE,"Zero contour (P = 0.50)"
"south",0.5,39.1345447543545,FALSE,"Zero contour (P = 0.50)"
"south",0.5,39.1517580113109,FALSE,"Zero contour (P = 0.50)"
"south",0.5,39.1861845252237,FALSE,"Zero contour (P = 0.50)"
"south",0.5,39.2033977821801,FALSE,"Zero contour (P = 0.50)"
"south",0.5,39.2206110391365,FALSE,"Zero contour (P = 0.50)"
"south",0.5,39.2378242960929,FALSE,"Zero contour (P = 0.50)"
"south",0.5,39.2595389458299,FALSE,"Zero contour (P = 0.50)"
"south",0.5,39.3045356196959,FALSE,"Zero contour (P = 0.50)"
"south",0.5,39.3748046195849,FALSE,"Zero contour (P = 0.50)"
"south",0.5,39.4702109684095,FALSE,"Zero contour (P = 0.50)"
"south",0.5,39.590572936758,FALSE,"Zero contour (P = 0.50)"
"south",0.5,39.7356637485835,FALSE,"Zero contour (P = 0.50)"
"south",0.5,38.1179907298645,FALSE,"Zero contour (P = 0.50)"
"south",0.5,38.7489886645122,FALSE,"Zero contour (P = 0.50)"
"south",0.5,37.1186499623319,FALSE,"Zero contour (P = 0.50)"
"south",0.5,37.7629875583579,FALSE,"Zero contour (P = 0.50)"
"south",0.5,37.941353875714,FALSE,"Zero contour (P = 0.50)"
"south",0.5,38.1450263471053,FALSE,"Zero contour (P = 0.50)"
"south",0.5,38.3736020283513,FALSE,"Zero contour (P = 0.50)"
"south",0.5,36.1193091947983,FALSE,"Zero contour (P = 0.50)"
"south",0.5,37.4044168149772,FALSE,"Zero contour (P = 0.50)"
"south",0.5,35.1199684272648,FALSE,"Zero contour (P = 0.50)"
"south",0.5,35.1371816842212,FALSE,"Zero contour (P = 0.50)"
"south",0.5,35.1543949411775,FALSE,"Zero contour (P = 0.50)"
"south",0.5,36.436868961739,FALSE,"Zero contour (P = 0.50)"
"south",0.5,36.7032602619114,FALSE,"Zero contour (P = 0.50)"
"south",0.5,36.9946861654751,FALSE,"Zero contour (P = 0.50)"
"south",0.5,37.3105600550316,FALSE,"Zero contour (P = 0.50)"
"south",0.5,37.6502666028805,FALSE,"Zero contour (P = 0.50)"
"south",0.5,34.155054173644,FALSE,"Zero contour (P = 0.50)"
"south",0.5,36.7164207891034,FALSE,"Zero contour (P = 0.50)"
"south",0.5,33.1557134061113,FALSE,"Zero contour (P = 0.50)"
"south",0.5,35.7861215233674,FALSE,"Zero contour (P = 0.50)"
"south",0.5,36.167731112731,FALSE,"Zero contour (P = 0.50)"
"south",0.5,36.5726215974481,FALSE,"Zero contour (P = 0.50)"
"south",0.5,32.1563726385778,FALSE,"Zero contour (P = 0.50)"
"south",0.5,35.6665886574665,FALSE,"Zero contour (P = 0.50)"
"south",0.5,31.1570318710442,FALSE,"Zero contour (P = 0.50)"
"south",0.5,34.7656784809363,FALSE,"Zero contour (P = 0.50)"
"south",0.5,30.1576911035107,FALSE,"Zero contour (P = 0.50)"
"south",0.5,33.8702998487892,FALSE,"Zero contour (P = 0.50)"
"south",0.5,29.1583503359771,FALSE,"Zero contour (P = 0.50)"
"south",0.5,29.1755635929335,FALSE,"Zero contour (P = 0.50)"
"south",0.5,29.1927768498899,FALSE,"Zero contour (P = 0.50)"
"south",0.5,32.9809032817792,FALSE,"Zero contour (P = 0.50)"
"south",0.5,33.4542292462272,FALSE,"Zero contour (P = 0.50)"
"south",0.5,33.9503243599513,FALSE,"Zero contour (P = 0.50)"
"south",0.5,34.4682054993064,FALSE,"Zero contour (P = 0.50)"
"south",0.5,28.1934360823572,FALSE,"Zero contour (P = 0.50)"
"south",0.5,33.6243649398139,FALSE,"Zero contour (P = 0.50)"
"south",0.5,27.1940953148237,FALSE,"Zero contour (P = 0.50)"
"south",0.5,32.789275726939,FALSE,"Zero contour (P = 0.50)"
"south",0.5,26.1947545472901,FALSE,"Zero contour (P = 0.50)"
"south",0.5,31.9636237873119,FALSE,"Zero contour (P = 0.50)"
"south",0.5,25.1954137797566,FALSE,"Zero contour (P = 0.50)"
"south",0.5,31.1481595983538,FALSE,"Zero contour (P = 0.50)"
"south",0.5,31.7432529692652,FALSE,"Zero contour (P = 0.50)"
"south",0.5,32.3582133049206,FALSE,"Zero contour (P = 0.50)"
"south",0.5,24.1960730122239,FALSE,"Zero contour (P = 0.50)"
"south",0.5,31.5845931881769,FALSE,"Zero contour (P = 0.50)"
"south",0.5,23.1967322446904,FALSE,"Zero contour (P = 0.50)"
"south",0.5,30.8239686488713,FALSE,"Zero contour (P = 0.50)"
"south",0.5,22.1973914771568,FALSE,"Zero contour (P = 0.50)"
"south",0.5,30.0773256374084,FALSE,"Zero contour (P = 0.50)"
"south",0.5,21.1980507096232,FALSE,"Zero contour (P = 0.50)"
"south",0.5,29.3457313686155,FALSE,"Zero contour (P = 0.50)"
"south",0.5,30.0430591865184,FALSE,"Zero contour (P = 0.50)"
"south",0.5,30.7569903846279,FALSE,"Zero contour (P = 0.50)"
"south",0.5,20.1987099420906,FALSE,"Zero contour (P = 0.50)"
"south",0.5,30.0696544582945,FALSE,"Zero contour (P = 0.50)"
"south",0.5,19.199369174557,FALSE,"Zero contour (P = 0.50)"
"south",0.5,29.384433374933,FALSE,"Zero contour (P = 0.50)"
"south",0.5,18.2000284070235,FALSE,"Zero contour (P = 0.50)"
"south",0.5,28.714798733059,FALSE,"Zero contour (P = 0.50)"
"south",0.5,29.471898737521,FALSE,"Zero contour (P = 0.50)"
"south",0.5,30.243008458469,FALSE,"Zero contour (P = 0.50)"
"south",0.5,31.0270833716787,FALSE,"Zero contour (P = 0.50)"
"south",0.5,31.8231651630837,FALSE,"Zero contour (P = 0.50)"
"south",0.5,32.6303750507167,FALSE,"Zero contour (P = 0.50)"
"south",0.5,17.2006876394899,FALSE,"Zero contour (P = 0.50)"
"south",0.5,32.0598514546275,FALSE,"Zero contour (P = 0.50)"
"south",0.5,16.2013468719564,FALSE,"Zero contour (P = 0.50)"
"south",0.5,31.5107082190047,FALSE,"Zero contour (P = 0.50)"
"south",0.5,32.356542830261,FALSE,"Zero contour (P = 0.50)"
"south",0.5,33.2108505145459,FALSE,"Zero contour (P = 0.50)"
"south",0.5,15.2020061044237,FALSE,"Zero contour (P = 0.50)"
"south",0.5,32.7116066083301,FALSE,"Zero contour (P = 0.50)"
"south",0.5,14.1682388229774,FALSE,"Zero contour (P = 0.50)"
"south",0.5,14.1854520799338,FALSE,"Zero contour (P = 0.50)"
"south",0.5,14.2026653368902,FALSE,"Zero contour (P = 0.50)"
"south",0.5,32.2356290418674,FALSE,"Zero contour (P = 0.50)"
"south",0.5,33.1231656730998,FALSE,"Zero contour (P = 0.50)"
"south",0.5,34.0168491368626,FALSE,"Zero contour (P = 0.50)"
"south",0.5,34.916207450155,FALSE,"Zero contour (P = 0.50)"
"south",0.5,35.8208131777349,FALSE,"Zero contour (P = 0.50)"
"south",0.5,13.1688980554438,FALSE,"Zero contour (P = 0.50)"
"south",0.5,35.4149006403951,FALSE,"Zero contour (P = 0.50)"
"south",0.5,12.1695572879102,FALSE,"Zero contour (P = 0.50)"
"south",0.5,35.0328085635745,FALSE,"Zero contour (P = 0.50)"
"south",0.5,35.9622077516622,FALSE,"Zero contour (P = 0.50)"
"south",0.5,36.8952123371732,FALSE,"Zero contour (P = 0.50)"
"south",0.5,37.8315555713245,FALSE,"Zero contour (P = 0.50)"
"south",0.5,11.1702165203776,FALSE,"Zero contour (P = 0.50)"
"south",0.5,37.500760569052,FALSE,"Zero contour (P = 0.50)"
"south",0.5,10.170875752844,FALSE,"Zero contour (P = 0.50)"
"south",0.5,37.193889920209,FALSE,"Zero contour (P = 0.50)"
"south",0.5,38.1490359963064,FALSE,"Zero contour (P = 0.50)"
"south",0.5,39.1063427593026,FALSE,"Zero contour (P = 0.50)"
"south",0.5,9.17153498531048,FALSE,"Zero contour (P = 0.50)"
"south",0.5,38.837899093224,FALSE,"Zero contour (P = 0.50)"
"south",0.5,8.2149646801302,FALSE,"Zero contour (P = 0.50)"
"south",0.5,8.11587916149861,FALSE,"Zero contour (P = 0.50)"
"south",0.5,8.12055444690774,FALSE,"Zero contour (P = 0.50)"
"south",0.5,8.13776770386413,FALSE,"Zero contour (P = 0.50)"
"south",0.5,8.15498096082053,FALSE,"Zero contour (P = 0.50)"
"south",0.5,8.17219421777692,FALSE,"Zero contour (P = 0.50)"
"south",0.5,38.593480353176,FALSE,"Zero contour (P = 0.50)"
"south",0.5,39.5652299227654,FALSE,"Zero contour (P = 0.50)"
"south",0.5,40.5382746108087,FALSE,"Zero contour (P = 0.50)"
"south",0.5,7.23001269599155,FALSE,"Zero contour (P = 0.50)"
"south",0.5,40.3289472469217,FALSE,"Zero contour (P = 0.50)"
"south",0.5,11.9869491811723,FALSE,"Zero contour (P = 0.50)"
"south",0.5,12.8031480346376,FALSE,"Zero contour (P = 0.50)"
"south",0.5,13.619346888103,FALSE,"Zero contour (P = 0.50)"
"south",0.5,12.8408640540029,FALSE,"Zero contour (P = 0.50)"
"south",0.5,11.9722042425081,FALSE,"Zero contour (P = 0.50)"
"south",0.5,11.1253384535035,FALSE,"Zero contour (P = 0.50)"
"south",0.5,10.3056408580647,FALSE,"Zero contour (P = 0.50)"
"south",0.5,9.52013171104021,FALSE,"Zero contour (P = 0.50)"
"south",0.5,8.77799399666148,FALSE,"Zero contour (P = 0.50)"
"south",0.5,8.09117086242945,FALSE,"Zero contour (P = 0.50)"
"south",0.5,7.47492540125733,FALSE,"Zero contour (P = 0.50)"
"south",0.5,6.94806232653595,FALSE,"Zero contour (P = 0.50)"
"south",0.5,6.53224516856385,FALSE,"Zero contour (P = 0.50)"
"south",0.5,6.24967841578705,FALSE,"Zero contour (P = 0.50)"
"south",0.5,40.1434206501738,FALSE,"Zero contour (P = 0.50)"
"south",0.5,11.411326938094,FALSE,"Zero contour (P = 0.50)"
"south",0.5,39.9820261464664,FALSE,"Zero contour (P = 0.50)"
"south",0.5,4.12606985102774,FALSE,"Zero contour (P = 0.50)"
"south",0.5,3.75528779964859,FALSE,"Zero contour (P = 0.50)"
"south",0.5,3.62953399357971,FALSE,"Zero contour (P = 0.50)"
"south",0.5,3.64603560093527,FALSE,"Zero contour (P = 0.50)"
"south",0.5,3.84084957999703,FALSE,"Zero contour (P = 0.50)"
"south",0.5,4.25268765845902,FALSE,"Zero contour (P = 0.50)"
"south",0.5,4.71478682148195,FALSE,"Zero contour (P = 0.50)"
"south",0.5,5.29596719354276,FALSE,"Zero contour (P = 0.50)"
"south",0.5,5.988231689562,FALSE,"Zero contour (P = 0.50)"
"south",0.5,6.75752658377301,FALSE,"Zero contour (P = 0.50)"
"south",0.5,7.57090928115443,FALSE,"Zero contour (P = 0.50)"
"south",0.5,8.38710813461974,FALSE,"Zero contour (P = 0.50)"
"south",0.5,9.20330698808511,FALSE,"Zero contour (P = 0.50)"
"south",0.5,10.0195058415504,FALSE,"Zero contour (P = 0.50)"
"south",0.5,10.8357046950157,FALSE,"Zero contour (P = 0.50)"
"south",0.5,39.8450569818237,FALSE,"Zero contour (P = 0.50)"
"south",0.5,3.28152265438661,FALSE,"Zero contour (P = 0.50)"
"south",0.5,39.7327657585143,FALSE,"Zero contour (P = 0.50)"
"south",0.5,2.12540652005059,FALSE,"Zero contour (P = 0.50)"
"south",0.5,2.83977696455154,FALSE,"Zero contour (P = 0.50)"
"south",0.5,2.55152645980404,FALSE,"Zero contour (P = 0.50)"
"south",0.5,39.6453621699346,FALSE,"Zero contour (P = 0.50)"
"south",0.5,1.42723320506523,FALSE,"Zero contour (P = 0.50)"
"south",0.5,39.5830110802315,FALSE,"Zero contour (P = 0.50)"
"south",0.5,0.839286109536807,FALSE,"Zero contour (P = 0.50)"
"south",0.5,0,FALSE,"Zero contour (P = 0.50)"
"south",0.5,0,FALSE,"Zero contour (P = 0.50)"
"south",0.5,0,FALSE,"Zero contour (P = 0.50)"
"south",0.5,0.0146894455788714,FALSE,"Zero contour (P = 0.50)"
"south",0.5,0.73234016680117,FALSE,"Zero contour (P = 0.50)"
"south",0.5,39.5458309888453,FALSE,"Zero contour (P = 0.50)"
"south",0.5,0.836781770419971,FALSE,"Zero contour (P = 0.50)"
"south",0.5,39.5338929128795,FALSE,"Zero contour (P = 0.50)"
"south",0.5,4.8278562710744,FALSE,"Zero contour (P = 0.50)"
"south",0.5,3.82946156113154,FALSE,"Zero contour (P = 0.50)"
"south",0.5,2.83106685118874,FALSE,"Zero contour (P = 0.50)"
"south",0.5,1.83267214124594,FALSE,"Zero contour (P = 0.50)"
"south",0.5,0.834277431303135,FALSE,"Zero contour (P = 0.50)"
"south",0.5,39.5472197116797,FALSE,"Zero contour (P = 0.50)"
"south",0.5,4.85963633916176,FALSE,"Zero contour (P = 0.50)"
"south",0.5,39.5857858685266,FALSE,"Zero contour (P = 0.50)"
"south",0.5,5.07373125068495,FALSE,"Zero contour (P = 0.50)"
"south",0.5,12.9360277062377,FALSE,"Zero contour (P = 0.50)"
"south",0.5,13.908687685888,FALSE,"Zero contour (P = 0.50)"
"south",0.5,14.8847562956311,FALSE,"Zero contour (P = 0.50)"
"south",0.5,39.6495177342922,FALSE,"Zero contour (P = 0.50)"
"south",0.5,5.46510659434788,FALSE,"Zero contour (P = 0.50)"
"south",0.5,13.2056269967688,FALSE,"Zero contour (P = 0.50)"
"south",0.5,15.1196475336421,FALSE,"Zero contour (P = 0.50)"
"south",0.5,39.7382942276488,FALSE,"Zero contour (P = 0.50)"
"south",0.5,5.99916570859019,FALSE,"Zero contour (P = 0.50)"
"south",0.5,13.5437924440372,FALSE,"Zero contour (P = 0.50)"
"south",0.5,15.4158837220232,FALSE,"Zero contour (P = 0.50)"
"south",0.5,16.3629900775324,FALSE,"Zero contour (P = 0.50)"
"south",0.5,17.3158601904047,FALSE,"Zero contour (P = 0.50)"
"south",0.5,18.2735924355227,FALSE,"Zero contour (P = 0.50)"
"south",0.5,37.8719259460382,FALSE,"Zero contour (P = 0.50)"
"south",0.5,38.861722400487,FALSE,"Zero contour (P = 0.50)"
"south",0.5,39.8519479763858,FALSE,"Zero contour (P = 0.50)"
"south",0.5,6.12106032455271,FALSE,"Zero contour (P = 0.50)"
"south",0.5,13.9455369557666,FALSE,"Zero contour (P = 0.50)"
"south",0.5,18.5733106288858,FALSE,"Zero contour (P = 0.50)"
"south",0.5,38.0174494420614,FALSE,"Zero contour (P = 0.50)"
"south",0.5,5.57679672707799,FALSE,"Zero contour (P = 0.50)"
"south",0.5,13.9798726349504,FALSE,"Zero contour (P = 0.50)"
"south",0.5,18.8984635409851,FALSE,"Zero contour (P = 0.50)"
"south",0.5,38.1885860843961,FALSE,"Zero contour (P = 0.50)"
"south",0.5,5.1702903014835,FALSE,"Zero contour (P = 0.50)"
"south",0.5,13.8161667532823,FALSE,"Zero contour (P = 0.50)"
"south",0.5,14.8068324701518,FALSE,"Zero contour (P = 0.50)"
"south",0.5,15.7984717094253,FALSE,"Zero contour (P = 0.50)"
"south",0.5,18.7776875326812,FALSE,"Zero contour (P = 0.50)"
"south",0.5,38.384993291638,FALSE,"Zero contour (P = 0.50)"
"south",0.5,4.93569647529232,FALSE,"Zero contour (P = 0.50)"
"south",0.5,15.717483610512,FALSE,"Zero contour (P = 0.50)"
"south",0.5,18.7095999895297,FALSE,"Zero contour (P = 0.50)"
"south",0.5,38.6062853781737,FALSE,"Zero contour (P = 0.50)"
"south",0.5,4.88905408652051,FALSE,"Zero contour (P = 0.50)"
"south",0.5,3.89066544183571,FALSE,"Zero contour (P = 0.50)"
"south",0.5,2.89227679715097,FALSE,"Zero contour (P = 0.50)"
"south",0.5,15.6998353993934,FALSE,"Zero contour (P = 0.50)"
"south",0.5,16.6981390769195,FALSE,"Zero contour (P = 0.50)"
"south",0.5,17.6964533793068,FALSE,"Zero contour (P = 0.50)"
"south",0.5,18.69477660443,FALSE,"Zero contour (P = 0.50)"
"south",0.5,38.6620503983487,FALSE,"Zero contour (P = 0.50)"
"south",0.5,2.89889738272401,FALSE,"Zero contour (P = 0.50)"
"south",0.5,38.6807140491734,FALSE,"Zero contour (P = 0.50)"
"south",0.5,2.9106196533373,FALSE,"Zero contour (P = 0.50)"
"south",0.5,38.7251739251293,FALSE,"Zero contour (P = 0.50)"
"south",0.5,3.10398181942935,FALSE,"Zero contour (P = 0.50)"
"south",0.5,38.7953413380684,FALSE,"Zero contour (P = 0.50)"
"south",0.5,3.55877896510154,FALSE,"Zero contour (P = 0.50)"
"south",0.5,38.8910771433641,FALSE,"Zero contour (P = 0.50)"
"south",0.5,4.06087671455943,FALSE,"Zero contour (P = 0.50)"
"south",0.5,39.0121931071951,FALSE,"Zero contour (P = 0.50)"
"south",0.5,4.57608809698694,FALSE,"Zero contour (P = 0.50)"
"south",0.5,39.1584537299828,FALSE,"Zero contour (P = 0.50)"
"south",0.5,5.16238625023929,FALSE,"Zero contour (P = 0.50)"
"south",0.5,39.3295784854282,FALSE,"Zero contour (P = 0.50)"
"south",0.5,5.75757966532497,FALSE,"Zero contour (P = 0.50)"
"south",0.5,39.5252444266679,FALSE,"Zero contour (P = 0.50)"
"south",0.5,6.3527730804101,FALSE,"Zero contour (P = 0.50)"
"south",0.5,39.7450891049742,FALSE,"Zero contour (P = 0.50)"
"south",0.5,12.6230364598147,FALSE,"Zero contour (P = 0.50)"
"south",0.5,11.7778241794934,FALSE,"Zero contour (P = 0.50)"
"south",0.5,10.9584137469818,FALSE,"Zero contour (P = 0.50)"
"south",0.5,10.1562466652408,FALSE,"Zero contour (P = 0.50)"
"south",0.5,9.35417662280459,FALSE,"Zero contour (P = 0.50)"
"south",0.5,8.55210658036833,FALSE,"Zero contour (P = 0.50)"
"south",0.5,7.75003653793203,FALSE,"Zero contour (P = 0.50)"
"south",0.5,6.94796649549577,FALSE,"Zero contour (P = 0.50)"
"south",0.5,39.9887137423172,FALSE,"Zero contour (P = 0.50)"
"south",0.5,40.9547672872514,FALSE,"Zero contour (P = 0.50)"
"south",0.5,41.9223364908324,FALSE,"Zero contour (P = 0.50)"
"south",0.5,13.1647485791041,FALSE,"Zero contour (P = 0.50)"
"south",0.5,42.1770716560711,FALSE,"Zero contour (P = 0.50)"
"south",0.5,17.0768419390072,TRUE,"Zero contour (P = 0.50)"
"south",0.5,16.220709568666,TRUE,"Zero contour (P = 0.50)"
"south",0.5,15.3787750591218,FALSE,"Zero contour (P = 0.50)"
"south",0.5,14.5566349901634,FALSE,"Zero contour (P = 0.50)"
"south",0.5,13.752843622721,FALSE,"Zero contour (P = 0.50)"
"south",0.5,42.4538149986579,FALSE,"Zero contour (P = 0.50)"
"south",0.5,17.5975902712322,TRUE,"Zero contour (P = 0.50)"
"south",0.5,42.7521391304261,FALSE,"Zero contour (P = 0.50)"
"south",0.5,18.1559525369438,TRUE,"Zero contour (P = 0.50)"
"south",0.5,17.3494405802006,TRUE,"Zero contour (P = 0.50)"
"south",0.5,16.5473705377644,TRUE,"Zero contour (P = 0.50)"
"south",0.5,43.0715956326494,FALSE,"Zero contour (P = 0.50)"
"south",0.5,17.14256395285,TRUE,"Zero contour (P = 0.50)"
"south",0.5,43.4117179835787,FALSE,"Zero contour (P = 0.50)"
"south",0.5,17.7377573679357,TRUE,"Zero contour (P = 0.50)"
"south",0.5,43.7720244454972,FALSE,"Zero contour (P = 0.50)"
"south",0.5,44.7009290044916,FALSE,"Zero contour (P = 0.50)"
"south",0.5,45.6327687104532,FALSE,"Zero contour (P = 0.50)"
"south",0.5,18.3329507830214,TRUE,"Zero contour (P = 0.50)"
"south",0.5,45.9973956195488,FALSE,"Zero contour (P = 0.50)"
"south",0.5,18.9281441981065,TRUE,"Zero contour (P = 0.50)"
"south",0.5,18.1260741556702,TRUE,"Zero contour (P = 0.50)"
"south",0.5,17.324004113234,TRUE,"Zero contour (P = 0.50)"
"south",0.5,46.3806984122593,FALSE,"Zero contour (P = 0.50)"
"south",0.5,17.9344330512144,TRUE,"Zero contour (P = 0.50)"
"south",0.5,46.7822180370361,FALSE,"Zero contour (P = 0.50)"
"south",0.5,18.5784966801975,TRUE,"Zero contour (P = 0.50)"
"south",0.5,47.2014896115446,FALSE,"Zero contour (P = 0.50)"
"south",0.5,48.1056207150017,FALSE,"Zero contour (P = 0.50)"
"south",0.5,49.0134110597517,FALSE,"Zero contour (P = 0.50)"
"south",0.5,49.9246610359901,FALSE,"Zero contour (P = 0.50)"
"south",0.5,19.2529256673334,TRUE,"Zero contour (P = 0.50)"
"south",0.5,50.3376045762073,FALSE,"Zero contour (P = 0.50)"
"south",0.5,19.9546413757739,TRUE,"Zero contour (P = 0.50)"
"south",0.5,50.766869582542,FALSE,"Zero contour (P = 0.50)"
"south",0.5,20.6808664215921,TRUE,"Zero contour (P = 0.50)"
"south",0.5,20.0207135033364,TRUE,"Zero contour (P = 0.50)"
"south",0.5,19.3895151803068,TRUE,"Zero contour (P = 0.50)"
"south",0.5,18.7901895994093,TRUE,"Zero contour (P = 0.50)"
"south",0.5,51.2120456316593,TRUE,"Zero contour (P = 0.50)"
"south",0.5,19.6107038762483,TRUE,"Zero contour (P = 0.50)"
"south",0.5,51.6727214899278,TRUE,"Zero contour (P = 0.50)"
"south",0.5,20.4471549534447,TRUE,"Zero contour (P = 0.50)"
"south",0.5,47.8394608902108,TRUE,"Zero contour (P = 0.50)"
"south",0.5,48.690830225756,TRUE,"Zero contour (P = 0.50)"
"south",0.5,49.5476888905074,TRUE,"Zero contour (P = 0.50)"
"south",0.5,50.4097569644743,TRUE,"Zero contour (P = 0.50)"
"south",0.5,51.2767717056559,TRUE,"Zero contour (P = 0.50)"
"south",0.5,52.148486386474,TRUE,"Zero contour (P = 0.50)"
"south",0.5,21.2976651933161,TRUE,"Zero contour (P = 0.50)"
"south",0.5,48.3736132857445,TRUE,"Zero contour (P = 0.50)"
"south",0.5,22.1606159100124,TRUE,"Zero contour (P = 0.50)"
"south",0.5,38.8128336905346,TRUE,"Zero contour (P = 0.50)"
"south",0.5,39.5310287529933,TRUE,"Zero contour (P = 0.50)"
"south",0.5,40.2611724364876,TRUE,"Zero contour (P = 0.50)"
"south",0.5,41.0026264300342,TRUE,"Zero contour (P = 0.50)"
"south",0.5,41.7547882148983,TRUE,"Zero contour (P = 0.50)"
"south",0.5,42.5170895063481,TRUE,"Zero contour (P = 0.50)"
"south",0.5,43.2889946501458,TRUE,"Zero contour (P = 0.50)"
"south",0.5,47.2759113514908,TRUE,"Zero contour (P = 0.50)"
"south",0.5,48.0958161475813,TRUE,"Zero contour (P = 0.50)"
"south",0.5,48.9223554645481,TRUE,"Zero contour (P = 0.50)"
"south",0.5,23.0346089648548,TRUE,"Zero contour (P = 0.50)"
"south",0.5,39.5199243268268,TRUE,"Zero contour (P = 0.50)"
"south",0.5,43.9240869857231,TRUE,"Zero contour (P = 0.50)"
"south",0.5,47.8581252644003,TRUE,"Zero contour (P = 0.50)"
"south",0.5,23.9184339086943,TRUE,"Zero contour (P = 0.50)"
"south",0.5,23.4777129083885,TRUE,"Zero contour (P = 0.50)"
"south",0.5,23.0718036287278,TRUE,"Zero contour (P = 0.50)"
"south",0.5,35.7934101803892,TRUE,"Zero contour (P = 0.50)"
"south",0.5,36.3796538185062,TRUE,"Zero contour (P = 0.50)"
"south",0.5,36.9835613222529,TRUE,"Zero contour (P = 0.50)"
"south",0.5,37.6042816805356,TRUE,"Zero contour (P = 0.50)"
"south",0.5,38.240996193235,TRUE,"Zero contour (P = 0.50)"
"south",0.5,38.8929193491913,TRUE,"Zero contour (P = 0.50)"
"south",0.5,39.5592992564848,TRUE,"Zero contour (P = 0.50)"
"south",0.5,40.2394176937896,TRUE,"Zero contour (P = 0.50)"
"south",0.5,44.5725446330644,TRUE,"Zero contour (P = 0.50)"
"south",0.5,45.3314404062543,TRUE,"Zero contour (P = 0.50)"
"south",0.5,46.0994668087906,TRUE,"Zero contour (P = 0.50)"
"south",0.5,46.8761750499496,TRUE,"Zero contour (P = 0.50)"
"south",0.5,47.6611406817125,TRUE,"Zero contour (P = 0.50)"
"south",0.5,48.4539623907084,TRUE,"Zero contour (P = 0.50)"
"south",0.5,23.9959236328072,TRUE,"Zero contour (P = 0.50)"
"south",0.5,36.6135560647539,TRUE,"Zero contour (P = 0.50)"
"south",0.5,24.9258608101823,TRUE,"Zero contour (P = 0.50)"
"south",0.5,31.4935477808699,TRUE,"Zero contour (P = 0.50)"
"south",0.5,31.7059780470816,TRUE,"Zero contour (P = 0.50)"
"south",0.5,31.9200589336858,TRUE,"Zero contour (P = 0.50)"
"south",0.5,32.1451241764593,TRUE,"Zero contour (P = 0.50)"
"south",0.5,32.3991242675823,TRUE,"Zero contour (P = 0.50)"
"south",0.5,32.6816629748582,TRUE,"Zero contour (P = 0.50)"
"south",0.5,32.9920071048721,TRUE,"Zero contour (P = 0.50)"
"south",0.5,33.3293799420778,TRUE,"Zero contour (P = 0.50)"
"south",0.5,33.6929695685695,TRUE,"Zero contour (P = 0.50)"
"south",0.5,34.0819369444205,TRUE,"Zero contour (P = 0.50)"
"south",0.5,34.4954236084744,TRUE,"Zero contour (P = 0.50)"
"south",0.5,34.9325588882702,TRUE,"Zero contour (P = 0.50)"
"south",0.5,36.3771014678735,TRUE,"Zero contour (P = 0.50)"
"south",0.5,36.9000991570112,TRUE,"Zero contour (P = 0.50)"
"south",0.5,37.442418737313,TRUE,"Zero contour (P = 0.50)"
"south",0.5,25.8609876279647,TRUE,"Zero contour (P = 0.50)"
"south",0.5,32.470446704698,TRUE,"Zero contour (P = 0.50)"
"south",0.5,35.8282550719953,TRUE,"Zero contour (P = 0.50)"
"south",0.5,37.2380679174612,TRUE,"Zero contour (P = 0.50)"
"south",0.5,26.8007608639582,TRUE,"Zero contour (P = 0.50)"
"south",0.5,33.4473456285271,TRUE,"Zero contour (P = 0.50)"
"south",0.5,33.6584815356119,TRUE,"Zero contour (P = 0.50)"
"south",0.5,33.8725425070521,TRUE,"Zero contour (P = 0.50)"
"south",0.5,34.0891089380634,TRUE,"Zero contour (P = 0.50)"
"south",0.5,34.3287283944134,TRUE,"Zero contour (P = 0.50)"
"south",0.5,34.5955117706529,TRUE,"Zero contour (P = 0.50)"
"south",0.5,36.7293072403174,TRUE,"Zero contour (P = 0.50)"
"south",0.5,37.1669884093093,TRUE,"Zero contour (P = 0.50)"
"south",0.5,37.6260766090695,TRUE,"Zero contour (P = 0.50)"
"south",0.5,38.1057981293546,TRUE,"Zero contour (P = 0.50)"
"south",0.5,27.7447083694988,TRUE,"Zero contour (P = 0.50)"
"south",0.5,35.5559494508471,TRUE,"Zero contour (P = 0.50)"
"south",0.5,28.6924181615655,TRUE,"Zero contour (P = 0.50)"
"south",0.5,32.1165515923167,TRUE,"Zero contour (P = 0.50)"
"south",0.5,32.259547357377,TRUE,"Zero contour (P = 0.50)"
"south",0.5,32.3403272221291,TRUE,"Zero contour (P = 0.50)"
"south",0.5,32.3860454361844,TRUE,"Zero contour (P = 0.50)"
"south",0.5,32.4624199600793,TRUE,"Zero contour (P = 0.50)"
"south",0.5,32.5692351283268,TRUE,"Zero contour (P = 0.50)"
"south",0.5,32.7061926939479,TRUE,"Zero contour (P = 0.50)"
"south",0.5,35.4011434761852,TRUE,"Zero contour (P = 0.50)"
"south",0.5,35.6122120583905,TRUE,"Zero contour (P = 0.50)"
"south",0.5,35.8250260804193,TRUE,"Zero contour (P = 0.50)"
"south",0.5,36.0391069670235,TRUE,"Zero contour (P = 0.50)"
"south",0.5,36.2658484577591,TRUE,"Zero contour (P = 0.50)"
"south",0.5,36.5184830716876,TRUE,"Zero contour (P = 0.50)"
"south",0.5,29.6435293991085,TRUE,"Zero contour (P = 0.50)"
"south",0.5,33.1080663767622,TRUE,"Zero contour (P = 0.50)"
"south",0.5,33.6943880673666,TRUE,"Zero contour (P = 0.50)"
"south",0.5,36.3780424000134,TRUE,"Zero contour (P = 0.50)"
"south",0.5,30.5977248883258,TRUE,"Zero contour (P = 0.50)"
"south",0.5,30.320281728989,TRUE,"Zero contour (P = 0.50)"
"south",0.5,30.0734400496284,TRUE,"Zero contour (P = 0.50)"
"south",0.5,33.1484131041334,TRUE,"Zero contour (P = 0.50)"
"south",0.5,33.5343941582774,TRUE,"Zero contour (P = 0.50)"
"south",0.5,33.9453603355872,TRUE,"Zero contour (P = 0.50)"
"south",0.5,34.1000467750768,TRUE,"Zero contour (P = 0.50)"
"south",0.5,34.2347586464888,TRUE,"Zero contour (P = 0.50)"
"south",0.5,34.3384364242734,TRUE,"Zero contour (P = 0.50)"
"south",0.5,34.4534491871864,TRUE,"Zero contour (P = 0.50)"
"south",0.5,34.5541101473287,TRUE,"Zero contour (P = 0.50)"
"south",0.5,34.6832306996211,TRUE,"Zero contour (P = 0.50)"
"south",0.5,36.3016134119225,TRUE,"Zero contour (P = 0.50)"
"south",0.5,36.510666995021,TRUE,"Zero contour (P = 0.50)"
"south",0.5,36.7217355772264,TRUE,"Zero contour (P = 0.50)"
"south",0.5,36.9328041594317,TRUE,"Zero contour (P = 0.50)"
"south",0.5,37.143872741637,TRUE,"Zero contour (P = 0.50)"
"south",0.5,37.3549413238424,TRUE,"Zero contour (P = 0.50)"
"south",0.5,31.0466050857833,TRUE,"Zero contour (P = 0.50)"
"south",0.5,34.0775001176758,TRUE,"Zero contour (P = 0.50)"
"south",0.5,35.0924533018839,TRUE,"Zero contour (P = 0.50)"
"south",0.5,35.3375279047762,TRUE,"Zero contour (P = 0.50)"
"south",0.5,35.4492993337105,TRUE,"Zero contour (P = 0.50)"
"south",0.5,37.2812262170034,TRUE,"Zero contour (P = 0.50)"
"south",0.5,32.0213918516155,TRUE,"Zero contour (P = 0.50)"
"south",0.5,35.0104655074199,TRUE,"Zero contour (P = 0.50)"
"south",0.5,35.3761359575443,TRUE,"Zero contour (P = 0.50)"
"south",0.5,35.7659459826916,TRUE,"Zero contour (P = 0.50)"
"south",0.5,36.0852507993987,TRUE,"Zero contour (P = 0.50)"
"south",0.5,36.3366412675406,TRUE,"Zero contour (P = 0.50)"
"south",0.5,36.4453487215599,TRUE,"Zero contour (P = 0.50)"
"south",0.5,36.5405228563549,TRUE,"Zero contour (P = 0.50)"
"south",0.5,36.6626482172961,TRUE,"Zero contour (P = 0.50)"
"south",0.5,36.8114565659165,TRUE,"Zero contour (P = 0.50)"
"south",0.5,36.9866258425019,TRUE,"Zero contour (P = 0.50)"
"south",0.5,37.1864472561159,TRUE,"Zero contour (P = 0.50)"
"south",0.5,37.3944276882914,TRUE,"Zero contour (P = 0.50)"
"south",0.5,37.6190939653467,TRUE,"Zero contour (P = 0.50)"
"south",0.5,37.8049051649359,TRUE,"Zero contour (P = 0.50)"
"south",0.5,37.931567317722,TRUE,"Zero contour (P = 0.50)"
"south",0.5,38.0839906041591,TRUE,"Zero contour (P = 0.50)"
"south",0.5,38.2618671526393,TRUE,"Zero contour (P = 0.50)"
"south",0.5,32.9976566244469,TRUE,"Zero contour (P = 0.50)"
"south",0.5,37.3357747558438,TRUE,"Zero contour (P = 0.50)"
"south",0.5,33.975271994839,TRUE,"Zero contour (P = 0.50)"
"south",0.5,33.7846861155517,TRUE,"Zero contour (P = 0.50)"
"south",0.5,33.6226786743582,TRUE,"Zero contour (P = 0.50)"
"south",0.5,35.321202274961,TRUE,"Zero contour (P = 0.50)"
"south",0.5,35.5225615141492,TRUE,"Zero contour (P = 0.50)"
"south",0.5,35.7438483409143,TRUE,"Zero contour (P = 0.50)"
"south",0.5,35.9914796642174,TRUE,"Zero contour (P = 0.50)"
"south",0.5,36.2649158158544,TRUE,"Zero contour (P = 0.50)"
"south",0.5,36.886853079148,TRUE,"Zero contour (P = 0.50)"
"south",0.5,37.2341003694607,TRUE,"Zero contour (P = 0.50)"
"south",0.5,37.6046556568894,TRUE,"Zero contour (P = 0.50)"
"south",0.5,37.9978370480888,TRUE,"Zero contour (P = 0.50)"
"south",0.5,38.1926013945365,TRUE,"Zero contour (P = 0.50)"
"south",0.5,38.3349267960755,TRUE,"Zero contour (P = 0.50)"
"south",0.5,34.6115044961305,TRUE,"Zero contour (P = 0.50)"
"south",0.5,36.300378786772,TRUE,"Zero contour (P = 0.50)"
"south",0.5,37.2235768484363,TRUE,"Zero contour (P = 0.50)"
"south",0.5,37.8297565990463,TRUE,"Zero contour (P = 0.50)"
"south",0.5,35.6009258806609,TRUE,"Zero contour (P = 0.50)"
"south",0.5,35.4753298135878,TRUE,"Zero contour (P = 0.50)"
"south",0.5,35.3774748069317,TRUE,"Zero contour (P = 0.50)"
"south",0.5,35.3075915145323,TRUE,"Zero contour (P = 0.50)"
"south",0.5,35.2658462241982,TRUE,"Zero contour (P = 0.50)"
"south",0.5,35.2523388978695,TRUE,"Zero contour (P = 0.50)"
"south",0.5,35.2671019810449,TRUE,"Zero contour (P = 0.50)"
"south",0.5,35.3101000143349,TRUE,"Zero contour (P = 0.50)"
"south",0.5,36.2782494318651,TRUE,"Zero contour (P = 0.50)"
"south",0.5,36.4785106052087,TRUE,"Zero contour (P = 0.50)"
"south",0.5,36.6787717785523,TRUE,"Zero contour (P = 0.50)"
"south",0.5,36.8790329518959,TRUE,"Zero contour (P = 0.50)"
"south",0.5,37.0792941252395,TRUE,"Zero contour (P = 0.50)"
"south",0.5,37.2795552985831,TRUE,"Zero contour (P = 0.50)"
"south",0.5,38.1843316751781,TRUE,"Zero contour (P = 0.50)"
"south",0.5,38.4680944771244,TRUE,"Zero contour (P = 0.50)"
"south",0.5,38.775494792867,TRUE,"Zero contour (P = 0.50)"
"south",0.5,36.3079991313914,TRUE,"Zero contour (P = 0.50)"
"south",0.5,37.2574259436761,TRUE,"Zero contour (P = 0.50)"
"south",0.5,37.3059833894774,TRUE,"Zero contour (P = 0.50)"
"south",0.5,37.3733149994298,TRUE,"Zero contour (P = 0.50)"
"south",0.5,37.4671395751928,TRUE,"Zero contour (P = 0.50)"
"south",0.5,37.5845141664082,TRUE,"Zero contour (P = 0.50)"
"south",0.5,37.7111863295768,TRUE,"Zero contour (P = 0.50)"
"south",0.5,37.8621538296319,TRUE,"Zero contour (P = 0.50)"
"south",0.5,38.2366024554863,TRUE,"Zero contour (P = 0.50)"
"south",0.5,38.4368636288299,TRUE,"Zero contour (P = 0.50)"
"south",0.5,38.6371248021735,TRUE,"Zero contour (P = 0.50)"
"south",0.5,38.8484411666259,TRUE,"Zero contour (P = 0.50)"
"south",0.5,39.6163013139845,TRUE,"Zero contour (P = 0.50)"
